Size,Relations,OrthoA,OrthoB
2,1,PPGIJJGB_00303 1,NP_418415.1 1
2,1,PPGIJJGB_00302 1,NP_418414.1 1
2,1,PPGIJJGB_01754 1,NP_417679.2 1
2,1,PPGIJJGB_02765 1,YP_026170.1 1
2,1,PPGIJJGB_04193 1,NP_418443.1 1
2,1,PPGIJJGB_02317 1,NP_415931.4 1
2,1,PPGIJJGB_01269 1,NP_414726.1 1
2,1,PPGIJJGB_01731 1,NP_414574.1 1
2,1,PPGIJJGB_02273 1,NP_417357.1 1
2,1,PPGIJJGB_02270 1,NP_417354.1 1
2,1,PPGIJJGB_00381 1,NP_418482.1 1
2,1,PPGIJJGB_00678 1,NP_418679.1 1
2,1,PPGIJJGB_00520 1,NP_414660.1 1
2,1,PPGIJJGB_03882 1,NP_414567.1 1
2,1,PPGIJJGB_01880 1,NP_415757.1 1
2,1,PPGIJJGB_04420 1,YP_026199.1 1
2,1,PPGIJJGB_00513 1,NP_414656.1 1
2,1,PPGIJJGB_03350 1,NP_415896.1 1
2,1,PPGIJJGB_02125 1,NP_415632.1 1
7,12,PPGIJJGB_01556 1 PPGIJJGB_01495 0.802 PPGIJJGB_00020 0.850 PPGIJJGB_03252 0.871,NP_417732.1 0.276 NP_417971.1 0.074 NP_414995.1 1
2,1,PPGIJJGB_02591 1,NP_415254.1 1
7,6,PPGIJJGB_02961 1,NP_416710.1 1 NP_415414.4 0.914 NP_415991.1 0.911 NP_416104.1 0.912 NP_416105.4 0.897 NP_418330.1 0.911
3,2,PPGIJJGB_02577 1,NP_415423.1 1 YP_026205.1 0.924
2,1,PPGIJJGB_03429 1,NP_415175.1 1
2,1,PPGIJJGB_02807 1,NP_417379.1 1
2,1,PPGIJJGB_01848 1,NP_416202.1 1
2,1,PPGIJJGB_00499 1,NP_414640.1 1
3,2,PPGIJJGB_00259 1,NP_417083.1 1 YP_010051194.1 0.142
3,2,PPGIJJGB_01604 1,NP_415344.1 1 NP_418386.1 0.930
2,1,PPGIJJGB_02135 1,NP_414973.1 1
2,1,PPGIJJGB_02464 1,NP_415444.1 1
2,1,PPGIJJGB_02425 1,NP_416734.1 1
2,1,PPGIJJGB_00210 1,NP_417824.1 1
2,1,PPGIJJGB_01351 1,NP_415790.1 1
4,4,PPGIJJGB_01090 0.754 PPGIJJGB_01500 1,NP_415107.1 1 NP_416579.1 0.895
2,1,PPGIJJGB_00004 1,YP_026241.1 1
2,1,PPGIJJGB_02428 1,NP_416737.1 1
2,1,PPGIJJGB_01768 1,NP_416217.1 1
2,1,PPGIJJGB_00311 1,NP_417799.1 1
2,1,PPGIJJGB_02754 1,NP_416786.4 1
2,1,PPGIJJGB_01307 1,NP_418659.1 1
2,1,PPGIJJGB_03685 1,NP_414601.1 1
2,1,PPGIJJGB_00662 1,NP_417213.1 1
2,1,PPGIJJGB_03250 1,YP_026196.1 1
2,1,PPGIJJGB_01520 1,NP_414965.1 1
2,1,PPGIJJGB_00666 1,NP_417177.1 1
2,1,PPGIJJGB_04429 1,NP_418300.1 1
6,5,PPGIJJGB_01273 1,NP_418555.1 1 NP_414728.1 0.952 NP_415220.1 0.931 NP_417440.4 0.971 NP_418541.2 0.913
2,1,PPGIJJGB_02524 1,NP_416297.1 1
2,1,PPGIJJGB_00227 1,NP_414878.1 1
2,1,PPGIJJGB_02421 1,NP_416234.1 1
2,1,PPGIJJGB_02974 1,NP_414756.2 1
2,1,PPGIJJGB_02675 1,NP_415403.1 1
2,1,PPGIJJGB_04029 1,NP_418391.1 1
2,1,PPGIJJGB_04186 1,NP_418422.1 1
2,1,PPGIJJGB_02384 1,NP_415452.1 1
4,3,PPGIJJGB_03473 1,NP_417637.1 1 YP_010283915.1 0.468 YP_010283916.1 0.468
2,1,PPGIJJGB_02331 1,NP_416617.1 1
2,1,PPGIJJGB_03515 1,NP_415517.1 1
2,1,PPGIJJGB_04404 1,NP_418258.1 1
3,2,PPGIJJGB_01333 1,YP_026188.1 1 NP_416960.1 0.956
3,2,PPGIJJGB_03522 1,NP_418493.1 1 NP_414869.1 0.889
3,2,PPGIJJGB_02277 1,NP_417342.1 1 NP_414818.1 0.815
2,1,PPGIJJGB_00354 1,NP_417297.1 1
2,1,PPGIJJGB_02416 1,NP_416228.1 1
2,1,PPGIJJGB_00037 1,NP_418107.1 1
2,1,PPGIJJGB_03752 1,NP_417064.1 1
2,1,PPGIJJGB_03469 1,NP_417633.4 1
2,1,PPGIJJGB_04320 1,NP_417866.4 1
2,1,PPGIJJGB_01481 1,NP_414555.1 1
3,2,PPGIJJGB_02001 1 PPGIJJGB_02109 0.887,YP_026244.1 1
2,1,PPGIJJGB_02593 1,NP_415251.1 1
2,1,PPGIJJGB_00622 1,NP_417491.1 1
2,1,PPGIJJGB_02532 1,NP_415300.1 1
2,1,PPGIJJGB_03482 1,NP_417645.1 1
2,1,PPGIJJGB_00621 1,NP_417502.1 1
2,1,PPGIJJGB_02562 1,NP_418273.1 1
2,1,PPGIJJGB_00124 1,YP_026248.1 1
2,1,PPGIJJGB_01442 1,NP_414543.1 1
2,1,PPGIJJGB_03862 1,NP_418600.4 1
2,1,PPGIJJGB_00075 1,YP_026251.1 1
2,1,PPGIJJGB_01003 1,NP_418808.1 1
2,1,PPGIJJGB_03732 1,NP_417264.1 1
2,1,PPGIJJGB_04540 1,NP_417955.1 1
2,1,PPGIJJGB_00940 1,NP_416800.1 1
2,1,PPGIJJGB_01039 1,NP_416758.1 1
2,1,PPGIJJGB_04584 1,NP_418197.1 1
2,1,PPGIJJGB_02751 1,NP_416789.2 1
2,1,PPGIJJGB_04346 1,YP_026274.1 1
2,1,PPGIJJGB_04485 1,NP_418288.1 1
2,1,PPGIJJGB_02721 1,NP_415431.1 1
2,1,PPGIJJGB_03491 1,NP_414954.1 1
2,1,PPGIJJGB_03027 1,NP_416380.1 1
2,1,PPGIJJGB_04152 1,NP_418250.1 1
2,1,PPGIJJGB_02111 1,NP_417002.1 1
2,1,PPGIJJGB_03715 1,NP_417539.1 1
2,1,PPGIJJGB_04497 1,NP_418016.1 1
2,1,PPGIJJGB_03781 1,NP_417525.1 1
2,1,PPGIJJGB_03019 1,NP_415206.1 1
2,1,PPGIJJGB_01252 1,NP_414709.1 1
2,1,PPGIJJGB_03828 1,NP_418792.1 1
2,1,PPGIJJGB_04475 1,NP_417079.1 1
2,1,PPGIJJGB_03730 1,NP_417260.1 1
2,1,PPGIJJGB_04339 1,NP_418109.1 1
2,1,PPGIJJGB_01262 1,NP_414719.1 1
3,2,PPGIJJGB_01974 1,NP_417468.1 1 NP_415492.1 0.909
2,1,PPGIJJGB_04059 1,NP_417862.1 1
3,2,PPGIJJGB_04275 1 PPGIJJGB_03785 0.924,NP_416359.1 1
2,1,PPGIJJGB_04565 1,NP_418185.1 1
2,1,PPGIJJGB_03689 1,NP_418567.1 1
2,1,PPGIJJGB_03776 1,NP_415534.1 1
2,1,PPGIJJGB_03548 1,NP_417243.1 1
2,1,PPGIJJGB_02836 1,NP_417015.1 1
2,1,PPGIJJGB_02137 1,NP_415341.1 1
2,1,PPGIJJGB_02011 1,NP_415006.1 1
2,1,PPGIJJGB_01997 1,NP_417201.1 1
2,1,PPGIJJGB_01840 1,NP_415200.1 1
2,1,PPGIJJGB_04470 1,NP_418449.1 1
2,1,PPGIJJGB_00353 1,NP_417299.1 1
2,1,PPGIJJGB_01631 1,NP_416996.1 1
2,1,PPGIJJGB_04575 1,NP_418190.1 1
2,1,PPGIJJGB_04529 1,NP_418285.1 1
2,1,PPGIJJGB_03387 1,NP_418578.1 1
2,1,PPGIJJGB_02575 1,NP_415425.4 1
2,1,PPGIJJGB_02780 1,NP_417021.1 1
2,1,PPGIJJGB_01420 1,NP_416911.1 1
2,1,PPGIJJGB_04442 1,NP_418465.4 1
2,1,PPGIJJGB_02379 1,NP_415468.1 1
2,1,PPGIJJGB_00680 1,NP_418681.1 1
2,1,PPGIJJGB_00955 1,YP_026207.1 1
2,1,PPGIJJGB_02256 1,NP_416843.1 1
2,1,PPGIJJGB_00938 1,YP_025294.2 1
2,1,PPGIJJGB_03373 1,NP_417855.4 1
2,1,PPGIJJGB_01405 1,NP_414998.1 1
2,1,PPGIJJGB_03710 1,NP_418434.1 1
4,3,PPGIJJGB_03535 1 PPGIJJGB_03824 0.861 PPGIJJGB_04041 0.800,NP_417552.1 1
2,1,PPGIJJGB_04386 1,NP_418663.1 1
2,1,PPGIJJGB_00515 1,NP_414658.1 1
2,1,PPGIJJGB_02526 1,NP_415706.1 1
2,1,PPGIJJGB_02759 1,NP_416781.1 1
2,1,PPGIJJGB_01873 1,NP_416689.1 1
2,1,PPGIJJGB_01305 1,NP_416906.1 1
3,2,PPGIJJGB_00281 1,NP_416386.4 1 NP_418007.3 0.271
2,1,PPGIJJGB_00229 1,NP_416654.1 1
2,1,PPGIJJGB_04471 1,NP_418222.1 1
2,1,PPGIJJGB_02312 1,NP_418377.1 1
4,3,PPGIJJGB_03262 1 PPGIJJGB_01318 0.861 PPGIJJGB_01396 0.878,NP_415996.2 1
2,1,PPGIJJGB_02303 1,NP_416319.1 1
3,2,PPGIJJGB_03141 1 PPGIJJGB_02551 0.870,NP_416700.1 1
2,1,PPGIJJGB_03757 1,NP_417069.1 1
2,1,PPGIJJGB_00130 1,NP_418370.1 1
2,1,PPGIJJGB_02138 1,NP_418491.1 1
2,1,PPGIJJGB_04073 1,NP_418056.1 1
3,2,PPGIJJGB_02515 1,YP_026218.1 1 NP_417886.1 0.804
2,1,PPGIJJGB_02336 1,NP_415602.1 1
2,1,PPGIJJGB_04573 1,NP_418188.1 1
2,1,PPGIJJGB_03734 1,NP_417266.1 1
2,1,PPGIJJGB_00734 1,NP_414736.1 1
2,1,PPGIJJGB_03333 1,NP_416795.1 1
3,2,PPGIJJGB_01644 1,NP_418438.1 1 NP_417450.1 0.867
2,1,PPGIJJGB_04510 1,NP_417190.1 1
2,1,PPGIJJGB_00811 1,NP_417811.1 1
2,1,PPGIJJGB_00800 1,NP_415535.1 1
5,4,PPGIJJGB_01321 1,NP_417953.1 1 NP_415237.1 0.827 NP_416151.1 0.830 NP_418554.1 0.833
4,4,PPGIJJGB_00738 1 PPGIJJGB_02897 0.847,NP_415261.2 1 NP_415497.1 0.845
2,1,PPGIJJGB_02110 1,NP_417003.1 1
3,2,PPGIJJGB_03065 1,NP_415450.1 1 NP_418579.2 0.895
2,1,PPGIJJGB_03525 1,NP_417722.1 1
2,1,PPGIJJGB_00198 1,YP_026263.3 1
2,1,PPGIJJGB_04546 1,NP_418279.1 1
2,1,PPGIJJGB_02377 1,NP_415469.1 1
2,1,PPGIJJGB_04531 1,NP_418230.1 1
2,1,PPGIJJGB_04347 1,NP_418306.1 1
2,1,PPGIJJGB_01406 1,NP_416191.1 1
2,1,PPGIJJGB_03661 1,NP_418140.4 1
2,1,PPGIJJGB_01687 1,NP_416423.4 1
2,1,PPGIJJGB_04216 1,NP_417713.2 1
2,1,PPGIJJGB_02209 1,NP_414602.1 1
2,1,PPGIJJGB_03187 1,NP_415356.1 1
2,1,PPGIJJGB_01063 1,NP_416585.1 1
2,1,PPGIJJGB_01339 1,NP_417551.1 1
2,1,PPGIJJGB_02275 1,NP_417359.1 1
4,3,PPGIJJGB_02880 1,NP_418361.1 1 NP_416028.3 0.818 NP_418021.1 0.896
2,1,PPGIJJGB_00514 1,NP_414657.1 1
2,1,PPGIJJGB_02753 1,NP_416787.1 1
3,2,PPGIJJGB_00620 1,NP_416162.1 1 NP_417707.1 0.889
2,1,PPGIJJGB_03118 1,NP_418122.1 1
2,1,PPGIJJGB_00283 1,NP_416277.1 1
2,1,PPGIJJGB_03125 1,NP_415649.1 1
2,1,PPGIJJGB_02662 1,NP_416815.1 1
2,1,PPGIJJGB_00553 1,NP_418660.1 1
2,1,PPGIJJGB_00216 1,NP_416390.1 1
2,1,PPGIJJGB_02263 1,NP_417348.1 1
2,1,PPGIJJGB_04418 1,YP_026200.1 1
4,4,PPGIJJGB_00294 1 PPGIJJGB_00312 1,NP_417798.1 1 NP_418407.1 0.965
3,2,PPGIJJGB_01753 1,NP_417680.1 1 NP_416651.1 0.848
2,1,PPGIJJGB_00768 1,NP_417890.1 1
2,1,PPGIJJGB_00931 1,NP_414614.1 1
2,1,PPGIJJGB_04032 1,NP_418375.1 1
2,1,PPGIJJGB_02385 1,NP_416344.1 1
2,1,PPGIJJGB_00933 1,NP_414616.1 1
2,1,PPGIJJGB_02760 1,NP_416780.1 1
2,1,PPGIJJGB_03474 1,NP_417638.1 1
3,2,PPGIJJGB_03545 1,NP_417366.1 1 NP_418553.1 0.647
2,1,PPGIJJGB_04330 1,NP_418069.1 1
2,1,PPGIJJGB_03693 1,NP_418562.4 1
2,1,PPGIJJGB_03729 1,NP_417259.1 1
2,1,PPGIJJGB_01187 1,NP_415394.4 1
2,1,PPGIJJGB_00001 1,NP_418157.1 1
2,1,PPGIJJGB_03985 1,NP_417926.1 1
4,3,PPGIJJGB_03160 1 PPGIJJGB_00448 0.814 PPGIJJGB_01804 0.820,NP_416393.1 1
2,1,PPGIJJGB_00250 1,NP_416120.1 1
2,1,PPGIJJGB_04369 1,NP_417748.1 1
2,1,PPGIJJGB_03617 1,NP_416899.1 1
2,1,PPGIJJGB_03101 1,NP_415654.1 1
2,1,PPGIJJGB_02134 1,NP_414972.1 1
2,1,PPGIJJGB_03110 1,NP_416138.1 1
2,1,PPGIJJGB_02794 1,NP_414942.1 1
2,1,PPGIJJGB_02261 1,YP_026185.1 1
2,1,PPGIJJGB_02267 1,NP_417351.1 1
3,2,PPGIJJGB_02276 1 PPGIJJGB_00321 0.876,YP_026186.1 1
2,1,PPGIJJGB_02299 1,NP_416322.1 1
2,1,PPGIJJGB_02547 1,NP_418494.1 1
2,1,PPGIJJGB_03506 1,NP_417046.1 1
2,1,PPGIJJGB_02931 1,NP_417413.1 1
2,1,PPGIJJGB_03011 1,NP_415214.1 1
2,1,PPGIJJGB_03423 1,NP_415194.1 1
2,1,PPGIJJGB_00703 1,NP_418806.1 1
2,1,PPGIJJGB_00902 1,NP_414690.4 1
2,1,PPGIJJGB_04294 1,NP_417759.1 1
2,1,PPGIJJGB_00251 1,NP_416119.1 1
2,1,PPGIJJGB_02260 1,NP_417345.1 1
2,1,PPGIJJGB_02006 1,NP_418503.1 1
3,2,PPGIJJGB_00018 1 PPGIJJGB_00255 0.871,NP_417957.1 1
2,1,PPGIJJGB_01060 1,NP_418476.1 1
2,1,PPGIJJGB_03076 1,NP_415709.2 1
2,1,PPGIJJGB_00213 1,NP_418366.1 1
4,3,PPGIJJGB_01662 1,NP_418123.2 1 NP_414887.2 0.861 NP_416045.1 0.900
2,1,PPGIJJGB_02768 1,NP_417006.2 1
2,1,PPGIJJGB_00016 1,NP_415225.1 1
2,1,PPGIJJGB_01702 1,NP_415059.1 1
2,1,PPGIJJGB_02274 1,NP_417358.2 1
2,1,PPGIJJGB_02544 1,NP_416744.1 1
2,1,PPGIJJGB_03950 1,NP_417101.1 1
2,1,PPGIJJGB_01682 1,NP_415434.1 1
2,1,PPGIJJGB_01643 1,NP_418439.1 1
3,2,PPGIJJGB_03295 1 PPGIJJGB_03039 0.841,NP_418045.4 1
2,1,PPGIJJGB_02667 1,NP_415410.1 1
2,1,PPGIJJGB_02878 1,NP_416743.1 1
10,9,PPGIJJGB_01764 1,NP_414654.1 1 NP_414794.4 0.895 NP_414936.1 0.923 NP_415108.1 0.763 NP_415970.4 0.781 NP_416661.1 0.781 NP_417149.1 0.920 NP_418629.1 0.845 YP_026258.1 0.770
2,1,PPGIJJGB_02784 1,YP_026169.1 1
2,1,PPGIJJGB_02796 1,NP_414940.1 1
2,1,PPGIJJGB_04070 1,NP_415802.1 1
2,1,PPGIJJGB_01330 1,NP_414879.3 1
2,1,PPGIJJGB_03711 1,NP_418433.1 1
2,1,PPGIJJGB_03214 1,NP_416018.1 1
2,1,PPGIJJGB_02528 1,NP_415704.1 1
2,1,PPGIJJGB_02271 1,NP_417355.4 1
2,1,PPGIJJGB_03448 1,NP_417368.1 1
2,1,PPGIJJGB_02534 1,NP_415368.1 1
2,1,PPGIJJGB_03192 1,NP_416368.1 1
2,1,PPGIJJGB_02596 1,NP_415248.1 1
2,1,PPGIJJGB_04550 1,NP_414871.1 1
2,1,PPGIJJGB_00125 1,NP_418220.1 1
2,1,PPGIJJGB_00610 1,NP_417524.1 1
2,1,PPGIJJGB_04350 1,NP_418304.1 1
2,1,PPGIJJGB_04587 1,NP_416715.1 1
2,1,PPGIJJGB_01234 1,NP_417275.1 1
3,2,PPGIJJGB_04212 1 PPGIJJGB_03454 0.907,NP_417711.1 1
2,1,PPGIJJGB_04352 1,NP_418303.2 1
2,1,PPGIJJGB_04591 1,NP_418162.1 1
2,1,PPGIJJGB_00794 1,NP_414665.1 1
3,2,PPGIJJGB_03435 1 PPGIJJGB_04569 0.827,NP_415168.1 1
2,1,PPGIJJGB_03464 1,NP_416128.1 1
2,1,PPGIJJGB_02255 1,NP_416844.1 1
2,1,PPGIJJGB_00726 1,NP_415845.2 1
2,1,PPGIJJGB_04055 1,NP_417784.4 1
2,1,PPGIJJGB_03098 1,NP_416867.1 1
2,1,PPGIJJGB_04022 1,NP_418395.1 1
2,1,PPGIJJGB_00559 1,NP_415961.1 1
2,1,PPGIJJGB_00493 1,NP_414633.1 1
2,1,PPGIJJGB_01663 1,NP_418124.4 1
2,1,PPGIJJGB_02362 1,NP_414868.1 1
4,3,PPGIJJGB_04335 1,NP_416365.1 1 NP_414803.1 0.873 NP_418717.1 0.867
2,1,PPGIJJGB_00767 1,NP_417875.1 1
2,1,PPGIJJGB_00913 1,NP_414696.1 1
13,12,PPGIJJGB_01066 1,NP_415847.2 0.800 NP_416498.2 1 NP_416535.2 0.800 NP_416696.2 0.800 NP_414793.2 0.800 NP_417456.2 0.800 NP_417685.2 0.800 NP_417962.2 0.800 YP_009518770.2 0.800 NP_415084.2 0.800 NP_415189.2 0.800 NP_415888.1 1
2,1,PPGIJJGB_02835 1,NP_417014.1 1
2,1,PPGIJJGB_02404 1,NP_418205.1 1
2,1,PPGIJJGB_00887 1,NP_418755.4 1
5,6,PPGIJJGB_02238 1 PPGIJJGB_02239 0.949,NP_416328.1 1 NP_417277.1 0.241 YP_026204.1 0.060
2,1,PPGIJJGB_01869 1,NP_416793.1 1
2,1,PPGIJJGB_01474 1,NP_415400.1 1
2,1,PPGIJJGB_01466 1,NP_415817.1 1
4,4,PPGIJJGB_03312 1 PPGIJJGB_01891 0.904,NP_417985.1 1 NP_418501.1 0.910
3,2,PPGIJJGB_00903 1,NP_414691.1 1 YP_010051172.1 0.931
2,1,PPGIJJGB_00552 1,NP_418661.1 1
2,1,PPGIJJGB_02264 1,NP_417349.4 1
2,1,PPGIJJGB_03383 1,NP_418583.1 1
3,2,PPGIJJGB_00078 1,NP_418073.1 1 NP_416594.1 0.941
2,1,PPGIJJGB_02924 1,YP_026203.3 1
2,1,PPGIJJGB_02833 1,NP_414957.1 1
2,1,PPGIJJGB_03480 1,NP_417643.1 1
2,1,PPGIJJGB_03774 1,NP_418425.1 1
2,1,PPGIJJGB_00056 1,NP_416881.1 1
2,1,PPGIJJGB_01001 1,NP_418170.1 1
3,2,PPGIJJGB_02429 1,NP_416738.1 1 NP_417162.1 0.831
2,1,PPGIJJGB_01332 1,NP_417417.1 1
2,1,PPGIJJGB_00495 1,NP_414636.1 1
2,1,PPGIJJGB_02800 1,NP_415139.2 1
2,1,PPGIJJGB_03994 1,NP_418797.1 1
2,1,PPGIJJGB_04511 1,NP_417189.2 1
2,1,PPGIJJGB_01968 1,NP_415724.2 1
2,1,PPGIJJGB_01913 1,NP_415627.1 1
2,1,PPGIJJGB_01541 1,NP_415777.1 1
2,1,PPGIJJGB_02589 1,NP_415256.1 1
2,1,PPGIJJGB_02665 1,NP_415412.1 1
2,1,PPGIJJGB_02929 1,NP_418507.2 1
3,2,PPGIJJGB_02262 1,NP_417347.1 1 NP_417587.1 0.822
2,1,PPGIJJGB_02600 1,NP_416827.4 1
4,3,PPGIJJGB_01558 1,NP_416545.1 1 NP_416557.1 0.815 YP_026255.1 0.855
2,1,PPGIJJGB_03942 1,NP_417306.1 1
2,1,PPGIJJGB_02348 1,NP_415613.1 1
3,2,PPGIJJGB_03738 1,NP_417601.1 1 NP_416598.1 0.949
2,1,PPGIJJGB_01911 1,NP_417364.2 1
2,1,PPGIJJGB_04592 1,NP_418161.1 1
2,1,PPGIJJGB_02015 1,NP_415010.1 1
2,1,PPGIJJGB_04513 1,YP_009518825.1 1
2,1,PPGIJJGB_01409 1,NP_415011.1 1
2,1,PPGIJJGB_03547 1,NP_417244.1 1
2,1,PPGIJJGB_03324 1,NP_415721.1 1
2,1,PPGIJJGB_00079 1,NP_418074.1 1
2,1,PPGIJJGB_02994 1,NP_418642.1 1
4,4,PPGIJJGB_04481 1 PPGIJJGB_04370 0.871,YP_026273.1 1 NP_415881.1 0.888
2,1,PPGIJJGB_01678 1,NP_418684.1 1
2,1,PPGIJJGB_01272 1,NP_418556.1 1
2,1,PPGIJJGB_00835 1,NP_418654.1 1
2,1,PPGIJJGB_01432 1,NP_415407.1 1
2,1,PPGIJJGB_01730 1,NP_414573.1 1
2,1,PPGIJJGB_04220 1,NP_417717.2 1
3,2,PPGIJJGB_00941 1 PPGIJJGB_00797 1,NP_416799.1 1
2,1,PPGIJJGB_00695 1,NP_418799.1 1
2,1,PPGIJJGB_01249 1,NP_415619.1 1
2,1,PPGIJJGB_01524 1,NP_414961.4 1
2,1,PPGIJJGB_04496 1,NP_418017.1 1
2,1,PPGIJJGB_01292 1,NP_418028.1 1
2,1,PPGIJJGB_02775 1,NP_417012.1 1
2,1,PPGIJJGB_03123 1,NP_415651.4 1
2,1,PPGIJJGB_01883 1,NP_415759.1 1
2,1,PPGIJJGB_01971 1,NP_417471.1 1
2,1,PPGIJJGB_01464 1,NP_417147.1 1
2,1,PPGIJJGB_03770 1,NP_417400.1 1
2,1,PPGIJJGB_01148 1,NP_415952.2 1
3,2,PPGIJJGB_00696 1,NP_418800.1 1 NP_417839.1 0.868
2,1,PPGIJJGB_01846 1,NP_416330.1 1
2,1,PPGIJJGB_02525 1,NP_416298.1 1
2,1,PPGIJJGB_03771 1,NP_417401.1 1
2,1,PPGIJJGB_04065 1,NP_418634.1 1
2,1,PPGIJJGB_00817 1,NP_417231.1 1
2,1,PPGIJJGB_02602 1,NP_415154.1 1
2,1,PPGIJJGB_01878 1,NP_416630.1 1
2,1,PPGIJJGB_02099 1,NP_415428.1 1
2,1,PPGIJJGB_02511 1,NP_414982.1 1
2,1,PPGIJJGB_02573 1,NP_417891.1 1
2,1,PPGIJJGB_01724 1,NP_417388.1 1
2,1,PPGIJJGB_01973 1,NP_417469.1 1
2,1,PPGIJJGB_02664 1,NP_415413.1 1
3,2,PPGIJJGB_04486 1,YP_026272.1 1 NP_415915.1 0.985
2,1,PPGIJJGB_02771 1,NP_417009.1 1
2,1,PPGIJJGB_04533 1,NP_418227.1 1
2,1,PPGIJJGB_01671 1,NP_415418.1 1
2,1,PPGIJJGB_04290 1,NP_417754.1 1
2,1,PPGIJJGB_02761 1,NP_416779.2 1
2,1,PPGIJJGB_03527 1,NP_417724.4 1
3,2,PPGIJJGB_02876 1,NP_417884.1 1 NP_415577.1 0.770
2,1,PPGIJJGB_01478 1,YP_026172.1 1
2,1,PPGIJJGB_02772 1,NP_417010.1 1
2,1,PPGIJJGB_00489 1,NP_414629.1 1
2,1,PPGIJJGB_01440 1,NP_418440.1 1
2,1,PPGIJJGB_01277 1,NP_417276.1 1
2,1,PPGIJJGB_01713 1,NP_417868.1 1
2,1,PPGIJJGB_03595 1,NP_414772.1 1
2,1,PPGIJJGB_03716 1,NP_417538.1 1
2,1,PPGIJJGB_04411 1,NP_414890.1 1
3,2,PPGIJJGB_01716 1 PPGIJJGB_02019 0.558,NP_417888.1 1
2,1,PPGIJJGB_03355 1,NP_416260.1 1
3,2,PPGIJJGB_02599 1 PPGIJJGB_03559 1,NP_416826.1 1
2,1,PPGIJJGB_03062 1,NP_415295.1 1
2,1,PPGIJJGB_00976 1,NP_418594.1 1
2,1,PPGIJJGB_00249 1,NP_417484.1 1
2,1,PPGIJJGB_01924 1,NP_417295.1 1
2,1,PPGIJJGB_02442 1,NP_416832.1 1
3,2,PPGIJJGB_01444 1 PPGIJJGB_03786 0.788,NP_414545.1 1
2,1,PPGIJJGB_02433 1,NP_416672.1 1
2,1,PPGIJJGB_00400 1,NP_417656.1 1
2,1,PPGIJJGB_01461 1,NP_415812.4 1
2,1,PPGIJJGB_01639 1,NP_416994.1 1
2,1,PPGIJJGB_02860 1,NP_418457.1 1
2,1,PPGIJJGB_01458 1,NP_416518.2 1
2,1,PPGIJJGB_03357 1,NP_417818.1 1
3,2,PPGIJJGB_00009 1,YP_026231.1 1 NP_416880.1 0.858
2,1,PPGIJJGB_02632 1,NP_416515.1 1
3,2,PPGIJJGB_02590 1 PPGIJJGB_01595 0.873,NP_415255.1 1
2,1,PPGIJJGB_00120 1,NP_418214.2 1
2,1,PPGIJJGB_04571 1,NP_418186.1 1
2,1,PPGIJJGB_00412 1,NP_417669.1 1
2,1,PPGIJJGB_00766 1,NP_416293.1 1
2,1,PPGIJJGB_00206 1,NP_417827.1 1
2,1,PPGIJJGB_03321 1,NP_415725.1 1
2,1,PPGIJJGB_01861 1,NP_416146.1 1
2,1,PPGIJJGB_00486 1,NP_414626.1 1
5,6,PPGIJJGB_01041 1 PPGIJJGB_00166 0.899 PPGIJJGB_00176 0.981,NP_416756.6 1 NP_418238.1 0.935
2,1,PPGIJJGB_00737 1,NP_416374.1 1
2,1,PPGIJJGB_02100 1,NP_415275.1 1
2,1,PPGIJJGB_03406 1,NP_414646.1 1
2,1,PPGIJJGB_00593 1,NP_417528.1 1
2,1,PPGIJJGB_04054 1,NP_417785.1 1
2,1,PPGIJJGB_02645 1,NP_415839.1 1
2,1,PPGIJJGB_03849 1,NP_416893.1 1
2,1,PPGIJJGB_00496 1,NP_414637.1 1
2,1,PPGIJJGB_01545 1,NP_415780.1 1
2,1,PPGIJJGB_01972 1,NP_417470.1 1
2,1,PPGIJJGB_02327 1,NP_415487.4 1
2,1,PPGIJJGB_03705 1,NP_417430.1 1
2,1,PPGIJJGB_01887 1,NP_415763.1 1
2,1,PPGIJJGB_00224 1,NP_415279.1 1
3,2,PPGIJJGB_00932 1 PPGIJJGB_01232 0.920,NP_414615.4 1
2,1,PPGIJJGB_04095 1,NP_416765.1 1
2,1,PPGIJJGB_03719 1,NP_417536.1 1
2,1,PPGIJJGB_04381 1,NP_415816.1 1
2,1,PPGIJJGB_02809 1,NP_417381.1 1
5,4,PPGIJJGB_02522 1 PPGIJJGB_01552 0.863 PPGIJJGB_02241 0.838 PPGIJJGB_04266 0.888,NP_417560.1 1
2,1,PPGIJJGB_02221 1,NP_416363.1 1
2,1,PPGIJJGB_01261 1,NP_414718.1 1
2,1,PPGIJJGB_00399 1,NP_418656.1 1
2,1,PPGIJJGB_02417 1,NP_416229.1 1
3,2,PPGIJJGB_00563 1,NP_415957.1 1 NP_415641.1 0.843
2,1,PPGIJJGB_03267 1,NP_418111.1 1
2,1,PPGIJJGB_00973 1,NP_418591.1 1
2,1,PPGIJJGB_00228 1,NP_416655.1 1
2,1,PPGIJJGB_00968 1,NP_418587.1 1
3,2,PPGIJJGB_04158 1,NP_418360.1 1 NP_417405.1 0.939
2,1,PPGIJJGB_02546 1,NP_416746.1 1
2,1,PPGIJJGB_00664 1,NP_417179.1 1
2,1,PPGIJJGB_02356 1,NP_416349.2 1
2,1,PPGIJJGB_02789 1,NP_417627.1 1
2,1,PPGIJJGB_03340 1,NP_415183.1 1
2,1,PPGIJJGB_00053 1,NP_417949.1 1
2,1,PPGIJJGB_01677 1,NP_415448.1 1
2,1,PPGIJJGB_01542 1,NP_415778.3 1
3,2,PPGIJJGB_00816 1,NP_417232.1 1 NP_415135.1 0.788
2,1,PPGIJJGB_01923 1,NP_418448.1 1
2,1,PPGIJJGB_04534 1,YP_026252.1 1
3,2,PPGIJJGB_01560 1 PPGIJJGB_00162 0.881,NP_416543.1 1
3,2,PPGIJJGB_00230 1,NP_416653.1 1 NP_416031.1 0.782
5,4,PPGIJJGB_03088 1 PPGIJJGB_02500 0.831 PPGIJJGB_03042 0.923 PPGIJJGB_04118 0.916,YP_026233.1 1
2,1,PPGIJJGB_02797 1,NP_414939.1 1
2,1,PPGIJJGB_00017 1,NP_415226.1 1
9,8,PPGIJJGB_04102 1,NP_415246.2 1 NP_414681.1 0.815 NP_415065.1 0.902 NP_415460.1 0.935 NP_416612.1 0.851 NP_417613.1 0.858 NP_417683.1 0.912 NP_418737.1 0.909
2,1,PPGIJJGB_01497 1,NP_418803.1 1
2,1,PPGIJJGB_03990 1,NP_418478.1 1
3,2,PPGIJJGB_03073 1 PPGIJJGB_03068 0.848,NP_416967.1 1
2,1,PPGIJJGB_04181 1,NP_418417.1 1
3,2,PPGIJJGB_01655 1 PPGIJJGB_02162 0.836,NP_416122.1 1
2,1,PPGIJJGB_02588 1,NP_415257.1 1
2,1,PPGIJJGB_00897 1,NP_414685.4 1
2,1,PPGIJJGB_03442 1,NP_415161.1 1
2,1,PPGIJJGB_00322 1,NP_415718.6 1
2,1,PPGIJJGB_03552 1,NP_417163.1 1
2,1,PPGIJJGB_03424 1,NP_415193.2 1
2,1,PPGIJJGB_03765 1,NP_418559.1 1
2,1,PPGIJJGB_02669 1,NP_415408.1 1
2,1,PPGIJJGB_01652 1,NP_418639.1 1
2,1,PPGIJJGB_00764 1,NP_415271.1 1
4,3,PPGIJJGB_02558 1 PPGIJJGB_02585 0.845 PPGIJJGB_03769 0.937,NP_415707.1 1
2,1,PPGIJJGB_00983 1,NP_417650.1 1
2,1,PPGIJJGB_02132 1,NP_414970.1 1
2,1,PPGIJJGB_01037 1,NP_416760.1 1
4,3,PPGIJJGB_02725 1 PPGIJJGB_02733 0.922 PPGIJJGB_03761 0.945,NP_415791.1 1
2,1,PPGIJJGB_02440 1,NP_415318.1 1
5,4,PPGIJJGB_04518 1,NP_417913.1 1 NP_416032.1 0.752 NP_418510.1 0.823 YP_026162.2 0.776
8,7,PPGIJJGB_04337 1,YP_026221.1 1 NP_416866.1 0.871 NP_417220.1 0.916 NP_418686.1 0.888 NP_418716.1 0.888 NP_418741.1 0.888 YP_026217.1 0.888
2,1,PPGIJJGB_00487 1,NP_414627.1 1
2,1,PPGIJJGB_03172 1,NP_416451.1 1
2,1,PPGIJJGB_00355 1,NP_417296.1 1
2,1,PPGIJJGB_03589 1,NP_414778.1 1
2,1,PPGIJJGB_03317 1,NP_415729.1 1
2,1,PPGIJJGB_00769 1,NP_417889.1 1
2,1,PPGIJJGB_02755 1,NP_416785.1 1
2,1,PPGIJJGB_00104 1,NP_415017.1 1
2,1,PPGIJJGB_00178 1,NP_414937.2 1
2,1,PPGIJJGB_04359 1,NP_416931.1 1
2,1,PPGIJJGB_03360 1,NP_417843.1 1
2,1,PPGIJJGB_04086 1,NP_415859.1 1
2,1,PPGIJJGB_00548 1,NP_417432.1 1
2,1,PPGIJJGB_01999 1,NP_416977.1 1
2,1,PPGIJJGB_01431 1,NP_415406.1 1
2,1,PPGIJJGB_00002 1,NP_418156.1 1
2,1,PPGIJJGB_03542 1,NP_418110.1 1
2,1,PPGIJJGB_02079 1,NP_415126.1 1
2,1,PPGIJJGB_02519 1,NP_416326.1 1
2,1,PPGIJJGB_01886 1,YP_025300.1 1
2,1,PPGIJJGB_02510 1,NP_414983.1 1
2,1,PPGIJJGB_03837 1,NP_417173.1 1
2,1,PPGIJJGB_03544 1,NP_417367.1 1
5,6,PPGIJJGB_00058 1 PPGIJJGB_03809 0.877 PPGIJJGB_03853 0.822,NP_418003.1 1 NP_416825.1 0.822
2,1,PPGIJJGB_04327 1,NP_418065.1 1
2,1,PPGIJJGB_02874 1,NP_417092.1 1
4,4,PPGIJJGB_02335 1 PPGIJJGB_00605 0.822,NP_417461.1 0.632 NP_417950.1 1
2,1,PPGIJJGB_02296 1,NP_416524.1 1
2,1,PPGIJJGB_00261 1,NP_418200.1 1
5,6,PPGIJJGB_04033 1 PPGIJJGB_02571 0.960 PPGIJJGB_04116 0.960,NP_418374.1 1 NP_417481.1 0.932
2,1,PPGIJJGB_03940 1,NP_417304.1 1
3,2,PPGIJJGB_02381 1,NP_415465.1 1 NP_416652.4 0.862
2,1,PPGIJJGB_03590 1,NP_414777.1 1
2,1,PPGIJJGB_02556 1,NP_418164.4 1
2,1,PPGIJJGB_03190 1,NP_416889.1 1
2,1,PPGIJJGB_03061 1,NP_415296.1 1
2,1,PPGIJJGB_02124 1,NP_418653.1 1
2,1,PPGIJJGB_01422 1,NP_416909.1 1
2,1,PPGIJJGB_01722 1,NP_416219.1 1
2,1,PPGIJJGB_04252 1,NP_417921.1 1
2,1,PPGIJJGB_04043 1,NP_416154.1 1
2,1,PPGIJJGB_03536 1,NP_416280.1 1
2,1,PPGIJJGB_02861 1,NP_418458.1 1
2,1,PPGIJJGB_02943 1,NP_415348.1 1
3,2,PPGIJJGB_04516 1,NP_417915.1 0.370 YP_026223.1 1
2,1,PPGIJJGB_03653 1,NP_415029.1 1
2,1,PPGIJJGB_02215 1,YP_025307.1 1
2,1,PPGIJJGB_03541 1,NP_416281.1 1
2,1,PPGIJJGB_01851 1,NP_417631.2 1
4,3,PPGIJJGB_03006 1 PPGIJJGB_02237 0.842 PPGIJJGB_03437 0.806,NP_417181.1 1
6,5,PPGIJJGB_04074 1,NP_418057.1 1 NP_416060.1 0.923 NP_416677.1 0.934 NP_418743.1 0.858 YP_025302.1 0.914
2,1,PPGIJJGB_04465 1,NP_418096.4 1
2,1,PPGIJJGB_01325 1,NP_417422.1 1
4,3,PPGIJJGB_00054 1 PPGIJJGB_00625 0.901 PPGIJJGB_03352 0.773,NP_415012.1 1
2,1,PPGIJJGB_03952 1,YP_026171.3 1
2,1,PPGIJJGB_00709 1,NP_418473.3 1
2,1,PPGIJJGB_03066 1,NP_418547.1 1
3,2,PPGIJJGB_00427 1,NP_414703.1 0.050 NP_417701.1 1
4,3,PPGIJJGB_04281 1 PPGIJJGB_01842 0.837 PPGIJJGB_03078 0.923,NP_417809.1 1
2,1,PPGIJJGB_02357 1,NP_416348.2 1
2,1,PPGIJJGB_01270 1,NP_414727.1 1
2,1,PPGIJJGB_02650 1,NP_415837.1 1
2,1,PPGIJJGB_04215 1,YP_026208.1 1
4,3,PPGIJJGB_04590 1 PPGIJJGB_00091 0.953 PPGIJJGB_00092 0.874,NP_414695.1 1
3,2,PPGIJJGB_01463 1 PPGIJJGB_00188 0.903,NP_417148.1 1
2,1,PPGIJJGB_03307 1,NP_414549.1 1
2,1,PPGIJJGB_02873 1,NP_417091.1 1
4,4,PPGIJJGB_00739 1 PPGIJJGB_02896 0.824,NP_415262.1 1 NP_415498.1 0.854
2,1,PPGIJJGB_03318 1,NP_415728.1 1
2,1,PPGIJJGB_04483 1,NP_418289.1 1
2,1,PPGIJJGB_00182 1,NP_415898.1 1
2,1,PPGIJJGB_00137 1,NP_418400.1 1
2,1,PPGIJJGB_03956 1,NP_417703.1 1
2,1,PPGIJJGB_04368 1,NP_417747.1 1
3,2,PPGIJJGB_04351 1 PPGIJJGB_01844 0.885,NP_416140.1 1
2,1,PPGIJJGB_03030 1,NP_416385.1 1
2,1,PPGIJJGB_04085 1,NP_416894.1 1
2,1,PPGIJJGB_03694 1,NP_418561.1 1
2,1,PPGIJJGB_02470 1,NP_418351.1 1
2,1,PPGIJJGB_04568 1,NP_418816.1 1
2,1,PPGIJJGB_01350 1,NP_416259.1 1
2,1,PPGIJJGB_02898 1,NP_415956.1 1
2,1,PPGIJJGB_03394 1,NP_415436.1 1
2,1,PPGIJJGB_03109 1,NP_416139.1 1
3,2,PPGIJJGB_02310 1,YP_009518751.1 1 NP_415003.1 0.559
2,1,PPGIJJGB_02265 1,NP_417350.1 1
2,1,PPGIJJGB_01559 1,NP_416544.1 1
2,1,PPGIJJGB_01034 1,NP_417814.1 1
2,1,PPGIJJGB_00387 1,NP_418376.1 1
2,1,PPGIJJGB_00326 1,NP_415719.2 1
2,1,PPGIJJGB_01523 1,NP_414962.1 1
2,1,PPGIJJGB_00121 1,NP_418127.1 1
2,1,PPGIJJGB_04028 1,NP_418392.1 1
2,1,PPGIJJGB_02859 1,NP_418456.1 1
3,2,PPGIJJGB_03313 1 PPGIJJGB_01471 0.772,NP_415733.1 1
2,1,PPGIJJGB_03720 1,NP_417221.1 1
2,1,PPGIJJGB_04311 1,NP_417776.1 1
2,1,PPGIJJGB_01267 1,NP_414724.1 1
3,2,PPGIJJGB_00081 1 PPGIJJGB_01009 0.854,NP_418076.1 1
3,2,PPGIJJGB_00237 1,NP_414807.1 1 NP_418675.1 0.643
2,1,PPGIJJGB_00114 1,NP_415451.1 1
2,1,PPGIJJGB_00257 1,NP_417085.1 1
2,1,PPGIJJGB_02008 1,NP_417211.1 1
2,1,PPGIJJGB_01260 1,NP_414715.1 1
2,1,PPGIJJGB_00798 1,NP_415109.1 1
2,1,PPGIJJGB_03645 1,NP_416271.4 1
2,1,PPGIJJGB_02932 1,NP_415645.1 1
2,1,PPGIJJGB_00014 1,NP_415223.1 1
4,4,PPGIJJGB_01529 1 PPGIJJGB_03855 0.803,NP_414899.2 1 NP_416635.1 0.812
2,1,PPGIJJGB_01482 1,NP_414556.1 1
2,1,PPGIJJGB_02399 1,NP_415860.1 1
3,2,PPGIJJGB_00914 1,NP_414697.1 1 NP_416109.2 0.804
3,2,PPGIJJGB_03772 1 PPGIJJGB_01109 0.895,NP_417402.1 1
2,1,PPGIJJGB_02443 1,NP_416833.4 1
2,1,PPGIJJGB_03749 1,NP_417061.1 1
2,1,PPGIJJGB_01786 1,NP_415480.2 1
2,1,PPGIJJGB_02483 1,NP_415397.1 1
4,3,PPGIJJGB_03306 1 PPGIJJGB_02143 0.838 PPGIJJGB_03269 0.812,NP_414548.1 1
2,1,PPGIJJGB_03024 1,NP_415202.1 1
2,1,PPGIJJGB_00200 1,NP_416221.1 1
4,4,PPGIJJGB_03085 1 PPGIJJGB_01515 0.929,NP_415184.1 1 NP_414571.1 0.964
3,2,PPGIJJGB_02778 1 PPGIJJGB_02777 0.899,NP_417018.4 1
2,1,PPGIJJGB_02324 1,NP_416278.1 1
2,1,PPGIJJGB_02655 1,NP_415810.1 1
2,1,PPGIJJGB_00133 1,NP_416958.1 1
2,1,PPGIJJGB_03228 1,NP_415765.1 1
2,1,PPGIJJGB_00291 1,NP_418405.1 1
2,1,PPGIJJGB_00686 1,NP_414985.1 1
2,1,PPGIJJGB_03436 1,NP_415167.1 1
4,3,PPGIJJGB_03022 1,NP_415204.1 1 NP_417610.1 0.801 YP_026242.1 0.817
2,1,PPGIJJGB_01227 1,NP_417288.1 1
2,1,PPGIJJGB_02344 1,NP_415609.1 1
3,2,PPGIJJGB_01061 1 PPGIJJGB_01970 0.154,NP_418477.1 1
2,1,PPGIJJGB_03879 1,NP_414570.1 1
2,1,PPGIJJGB_00716 1,NP_417071.1 1
2,1,PPGIJJGB_00223 1,NP_415278.1 1
2,1,PPGIJJGB_00491 1,NP_414631.1 1
2,1,PPGIJJGB_02659 1,NP_415807.1 1
2,1,PPGIJJGB_03939 1,NP_414560.1 1
2,1,PPGIJJGB_03678 1,NP_417726.1 1
2,1,PPGIJJGB_03495 1,NP_415350.2 1
2,1,PPGIJJGB_02911 1,NP_418446.1 1
2,1,PPGIJJGB_04367 1,NP_417746.1 1
2,1,PPGIJJGB_01230 1,NP_417286.1 1
4,4,PPGIJJGB_03696 1 PPGIJJGB_02906 0.889,NP_415583.4 1 NP_417596.1 0.877
2,1,PPGIJJGB_01040 1,NP_416757.1 1
2,1,PPGIJJGB_00189 1,NP_415375.1 1
2,1,PPGIJJGB_03278 1,YP_026209.1 1
3,2,PPGIJJGB_03502 1 PPGIJJGB_03708 0.875,NP_414948.1 1
2,1,PPGIJJGB_00582 1,NP_415471.1 1
2,1,PPGIJJGB_02875 1,NP_416742.1 1
2,1,PPGIJJGB_04114 1,NP_414611.1 1
3,2,PPGIJJGB_01526 1 PPGIJJGB_03459 0.820,NP_414902.1 1
2,1,PPGIJJGB_00926 1,NP_414609.1 1
2,1,PPGIJJGB_00995 1,NP_414594.1 1
2,1,PPGIJJGB_02234 1,NP_415693.1 1
2,1,PPGIJJGB_04449 1,NP_417719.1 1
2,1,PPGIJJGB_02165 1,NP_415843.2 1
2,1,PPGIJJGB_00974 1,NP_418592.1 1
2,1,PPGIJJGB_04517 1,NP_417914.1 1
2,1,PPGIJJGB_01630 1,NP_416997.1 1
3,2,PPGIJJGB_01189 0.102 PPGIJJGB_00225 1,NP_415280.3 1
2,1,PPGIJJGB_00207 1,YP_026212.2 1
2,1,PPGIJJGB_00590 1,NP_417436.1 1
2,1,PPGIJJGB_00490 1,NP_414630.1 1
2,1,PPGIJJGB_03954 1,NP_417047.1 1
2,1,PPGIJJGB_02964 1,NP_415302.1 1
3,2,PPGIJJGB_03427 1,NP_415190.1 1 NP_416357.1 0.821
2,1,PPGIJJGB_01176 1,NP_415236.1 1
3,2,PPGIJJGB_02098 1 PPGIJJGB_03244 0.894,NP_415427.1 1
2,1,PPGIJJGB_02294 1,NP_416526.4 1
2,1,PPGIJJGB_01755 1,NP_417678.1 1
2,1,PPGIJJGB_00123 1,YP_026247.1 1
2,1,PPGIJJGB_03365 1,NP_417848.1 1
2,1,PPGIJJGB_00964 1,NP_414741.1 1
2,1,PPGIJJGB_03289 1,NP_414934.1 1
2,1,PPGIJJGB_03629 1,NP_418585.4 1
2,1,PPGIJJGB_01736 1,NP_414912.1 1
2,1,PPGIJJGB_03087 1,NP_418275.1 1
2,1,PPGIJJGB_00254 1,NP_416243.1 1
3,2,PPGIJJGB_01860 1 PPGIJJGB_01217 0.936,NP_416147.1 1
3,2,PPGIJJGB_03973 1,NP_417593.4 1 NP_415047.1 0.933
2,1,PPGIJJGB_00839 1,NP_414669.1 1
2,1,PPGIJJGB_00191 1,NP_415376.4 1
2,1,PPGIJJGB_02995 1,NP_418641.1 1
2,1,PPGIJJGB_02266 1,NP_418378.4 1
2,1,PPGIJJGB_01782 1,NP_416819.1 1
3,2,PPGIJJGB_02739 1,YP_025305.1 1 NP_416285.1 0.914
2,1,PPGIJJGB_02405 1,NP_418206.1 1
2,1,PPGIJJGB_04574 1,NP_418189.1 1
2,1,PPGIJJGB_00927 1,NP_414610.1 1
3,2,PPGIJJGB_01827 1 PPGIJJGB_03025 0.381,NP_418538.2 1
2,1,PPGIJJGB_04132 1,NP_418437.1 1
2,1,PPGIJJGB_03947 1,NP_417098.1 1
3,2,PPGIJJGB_00241 1 PPGIJJGB_04025 0.971,NP_418666.1 1
2,1,PPGIJJGB_02466 1,NP_415442.1 1
2,1,PPGIJJGB_03531 1,NP_417725.1 1
2,1,PPGIJJGB_00274 1,NP_416480.1 1
2,1,PPGIJJGB_00484 1,NP_414624.1 1
2,1,PPGIJJGB_02288 1,NP_416529.1 1
2,1,PPGIJJGB_01884 1,NP_415760.1 1
2,1,PPGIJJGB_02337 1,NP_415604.1 1
2,1,PPGIJJGB_02972 1,NP_414758.1 1
2,1,PPGIJJGB_04153 1,YP_026260.1 1
2,1,PPGIJJGB_04148 1,NP_418254.2 1
3,2,PPGIJJGB_03023 1 PPGIJJGB_03744 0.849,NP_415203.1 1
3,2,PPGIJJGB_00990 1,NP_417629.1 1 NP_415455.1 0.849
2,1,PPGIJJGB_02297 1,NP_416523.1 1
2,1,PPGIJJGB_04093 1,NP_416767.1 1
2,1,PPGIJJGB_04349 1,NP_418305.1 1
2,1,PPGIJJGB_02678 1,NP_415062.1 1
2,1,PPGIJJGB_03514 1,NP_415516.1 1
2,1,PPGIJJGB_01168 1,NP_417090.1 1
2,1,PPGIJJGB_00109 1,NP_418296.1 1
2,1,PPGIJJGB_03832 1,NP_418202.4 1
2,1,PPGIJJGB_01783 1,NP_416818.1 1
2,1,PPGIJJGB_03550 1,NP_417165.1 1
2,1,PPGIJJGB_00488 1,NP_414628.1 1
2,1,PPGIJJGB_03668 1,NP_415752.1 1
4,3,PPGIJJGB_00526 1,NP_416581.1 1 NP_418115.1 0.771 NP_418210.1 0.789
2,1,PPGIJJGB_03887 1,NP_414561.1 1
2,1,PPGIJJGB_01256 1,NP_414713.1 1
2,1,PPGIJJGB_02397 1,NP_415850.1 1
2,1,PPGIJJGB_03277 1,NP_417736.2 1
2,1,PPGIJJGB_04415 1,NP_416905.1 1
2,1,PPGIJJGB_03733 1,NP_417265.1 1
2,1,PPGIJJGB_01550 1,NP_415785.1 1
2,1,PPGIJJGB_01435 1,NP_418818.1 1
2,1,PPGIJJGB_02345 1,NP_415610.1 1
2,1,PPGIJJGB_03226 1,NP_415748.1 1
2,1,PPGIJJGB_01346 1,YP_025293.1 1
2,1,PPGIJJGB_00271 1,NP_417049.1 1
2,1,PPGIJJGB_00997 1,NP_414596.1 1
2,1,PPGIJJGB_04371 1,NP_418276.1 1
2,1,PPGIJJGB_00132 1,NP_415390.4 1
2,1,PPGIJJGB_01214 1,NP_417555.4 1
2,1,PPGIJJGB_04338 1,NP_417080.4 1
2,1,PPGIJJGB_04012 1,NP_418352.1 1
2,1,PPGIJJGB_00429 1,NP_417699.1 1
2,1,PPGIJJGB_02810 1,NP_417382.1 1
2,1,PPGIJJGB_02654 1,NP_415819.4 1
2,1,PPGIJJGB_01527 1,NP_414901.1 1
4,3,PPGIJJGB_03191 1,NP_416367.1 1 NP_416922.1 0.880 NP_417056.2 0.865
2,1,PPGIJJGB_03126 1,NP_415646.4 1
2,1,PPGIJJGB_01254 1,NP_414711.1 1
3,2,PPGIJJGB_03646 1,NP_416041.1 1 NP_415018.1 0.912
2,1,PPGIJJGB_03471 1,NP_417635.1 1
2,1,PPGIJJGB_04007 1,NP_416492.1 1
2,1,PPGIJJGB_00407 1,NP_417664.1 1
5,4,PPGIJJGB_01885 1,NP_415761.1 1 NP_415186.1 0.784 NP_415187.1 0.776 NP_415353.1 0.915
2,1,PPGIJJGB_00980 1,NP_417654.1 1
2,1,PPGIJJGB_00181 1,NP_416573.4 1
8,7,PPGIJJGB_02199 1,NP_416664.1 1 NP_415041.1 0.866 NP_415830.2 0.892 NP_417219.1 0.866 NP_418039.2 0.829 NP_418618.1 0.812 YP_026213.1 0.841
2,1,PPGIJJGB_00325 1,NP_418380.4 1
2,1,PPGIJJGB_03452 1,NP_417370.1 1
2,1,PPGIJJGB_04548 1,YP_026269.1 1
2,1,PPGIJJGB_00299 1,NP_418411.1 1
2,1,PPGIJJGB_02592 1,NP_415252.1 1
2,1,PPGIJJGB_03551 1,NP_417164.1 1
2,1,PPGIJJGB_03884 1,NP_415587.1 1
2,1,PPGIJJGB_03097 1,NP_416865.1 1
2,1,PPGIJJGB_00717 1,NP_414547.1 1
3,2,PPGIJJGB_00074 1 PPGIJJGB_01134 0.889,NP_416195.1 1
2,1,PPGIJJGB_04308 1,NP_417773.1 1
3,2,PPGIJJGB_03439 1,NP_415165.1 1 NP_415360.1 0.240
2,1,PPGIJJGB_00697 1,NP_418801.1 1
2,1,PPGIJJGB_02790 1,NP_417628.2 1
2,1,PPGIJJGB_00497 1,NP_414638.1 1
2,1,PPGIJJGB_04199 1,NP_416970.1 1
2,1,PPGIJJGB_02361 1,NP_414867.1 1
2,1,PPGIJJGB_02766 1,NP_417053.2 1
2,1,PPGIJJGB_00003 1,NP_418155.1 1
3,2,PPGIJJGB_01506 1 PPGIJJGB_03462 0.816,NP_416263.1 1
2,1,PPGIJJGB_02806 1,YP_026259.1 1
3,2,PPGIJJGB_01278 1,NP_418565.1 1 NP_416009.1 0.800
2,1,PPGIJJGB_02332 1,NP_416616.4 1
2,1,PPGIJJGB_02565 1,NP_414692.1 1
2,1,PPGIJJGB_01781 1,NP_416821.1 1
2,1,PPGIJJGB_00101 1,NP_418101.1 1
2,1,PPGIJJGB_01988 1,NP_417192.1 1
2,1,PPGIJJGB_02295 1,NP_416525.1 1
2,1,PPGIJJGB_01030 1,NP_417816.1 1
2,1,PPGIJJGB_00441 1,NP_417615.1 1
2,1,PPGIJJGB_04249 1,NP_417918.1 1
2,1,PPGIJJGB_04318 1,NP_417864.1 1
2,1,PPGIJJGB_00588 1,NP_417438.2 1
2,1,PPGIJJGB_04421 1,NP_417546.1 1
3,2,PPGIJJGB_00840 1 PPGIJJGB_01574 0.830,NP_414670.1 1
2,1,PPGIJJGB_01528 1,NP_414900.1 1
2,1,PPGIJJGB_00369 1,NP_416660.1 1
2,1,PPGIJJGB_02278 1,NP_417343.1 1
2,1,PPGIJJGB_01443 1,NP_414544.1 1
2,1,PPGIJJGB_04579 1,NP_418194.1 1
2,1,PPGIJJGB_01843 1,NP_415201.1 1
2,1,PPGIJJGB_00192 1,NP_415377.1 1
2,1,PPGIJJGB_03044 1,NP_416916.1 1
2,1,PPGIJJGB_00064 1,NP_418401.1 1
5,4,PPGIJJGB_03702 1,NP_416141.4 1 NP_415831.1 0.997 NP_417897.1 0.904 NP_418700.2 0.945
2,1,PPGIJJGB_02864 1,NP_416693.1 1
2,1,PPGIJJGB_04027 1,NP_418393.1 1
2,1,PPGIJJGB_03582 1,NP_416670.1 1
4,3,PPGIJJGB_03362 1,NP_417845.1 1 NP_418509.1 0.856 NP_418721.1 0.841
2,1,PPGIJJGB_00406 1,NP_417662.1 1
2,1,PPGIJJGB_03021 1,NP_415205.1 1
3,2,PPGIJJGB_02817 1 PPGIJJGB_04038 0.945,NP_417028.1 1
2,1,PPGIJJGB_00694 1,NP_418798.1 1
2,1,PPGIJJGB_03290 1,NP_414933.1 1
2,1,PPGIJJGB_03739 1,NP_417605.1 1
2,1,PPGIJJGB_01888 1,YP_026201.1 1
2,1,PPGIJJGB_01543 1,NP_415779.1 1
2,1,PPGIJJGB_00969 1,NP_418588.1 1
2,1,PPGIJJGB_04333 1,YP_026222.1 1
3,2,PPGIJJGB_02406 1,NP_418207.1 1 NP_418512.1 0.892
2,1,PPGIJJGB_01251 1,NP_414708.1 1
3,2,PPGIJJGB_03026 1,NP_416378.1 1 NP_416490.1 0.934
5,6,PPGIJJGB_00349 1 PPGIJJGB_01930 0.953,NP_417576.1 1 NP_416900.1 0.978 NP_416043.1 0.831
2,1,PPGIJJGB_02576 1,NP_415424.1 1
2,1,PPGIJJGB_03276 1,NP_417737.1 1
2,1,PPGIJJGB_02879 1,NP_418362.1 1
2,1,PPGIJJGB_04192 1,NP_415373.1 1
2,1,PPGIJJGB_02103 1,NP_417004.1 1
2,1,PPGIJJGB_04433 1,NP_418064.1 1
2,1,PPGIJJGB_01551 1,NP_414986.1 1
2,1,PPGIJJGB_02858 1,NP_418459.1 1
2,1,PPGIJJGB_01857 1,NP_416150.1 1
5,6,PPGIJJGB_01531 0.121 PPGIJJGB_03969 0.089 PPGIJJGB_00692 1,NP_416666.1 1 NP_416669.1 0.798
4,4,PPGIJJGB_03457 0.332 PPGIJJGB_00799 1,NP_416494.1 0.090 NP_415340.1 1
3,2,PPGIJJGB_01141 1,NP_416402.2 0.705 YP_010283911.1 1
2,1,PPGIJJGB_00562 1,NP_415958.1 1
2,1,PPGIJJGB_02307 1,NP_416645.1 1
2,1,PPGIJJGB_00492 1,NP_414632.1 1
3,2,PPGIJJGB_01089 0.305 PPGIJJGB_00611 1,NP_417507.2 1
4,3,PPGIJJGB_03737 1,NP_417600.1 1 NP_415361.1 0.911 NP_417285.1 0.894
2,1,PPGIJJGB_02346 1,NP_415611.1 1
2,1,PPGIJJGB_03510 1,NP_415513.2 1
2,1,PPGIJJGB_01038 1,NP_416759.1 1
4,3,PPGIJJGB_02246 1 PPGIJJGB_01503 0.895 PPGIJJGB_02245 0.907,NP_416846.2 1
2,1,PPGIJJGB_02750 1,NP_416790.1 1
2,1,PPGIJJGB_01640 1,NP_416993.2 1
2,1,PPGIJJGB_00226 1,NP_417314.1 1
2,1,PPGIJJGB_02129 1,NP_415636.1 1
2,1,PPGIJJGB_00135 1,NP_416126.1 1
2,1,PPGIJJGB_02839 1,NP_415422.1 1
2,1,PPGIJJGB_02714 1,NP_414978.1 1
2,1,PPGIJJGB_00220 1,NP_417529.1 1
2,1,PPGIJJGB_04383 1,YP_026262.1 1
5,4,PPGIJJGB_01555 1,NP_417731.1 0.368 NP_417970.1 0.073 NP_414996.1 1 NP_417708.1 0.901
2,1,PPGIJJGB_01264 1,NP_414721.1 1
2,1,PPGIJJGB_04182 1,NP_418418.2 1
2,1,PPGIJJGB_00977 1,NP_418595.1 1
2,1,PPGIJJGB_01729 1,NP_414572.1 1
4,3,PPGIJJGB_02854 1,NP_416988.1 1 NP_416118.1 0.809 NP_417931.4 0.844
2,1,PPGIJJGB_02136 1,NP_414975.1 1
2,1,PPGIJJGB_03549 1,NP_417242.1 1
2,1,PPGIJJGB_01255 1,NP_414712.1 1
2,1,PPGIJJGB_00996 1,NP_414595.1 1
2,1,PPGIJJGB_02718 1,NP_415796.1 1
3,2,PPGIJJGB_02411 1,NP_415638.3 1 YP_010051180.1 0.645
2,1,PPGIJJGB_00411 1,NP_417668.1 1
2,1,PPGIJJGB_03422 1,NP_415195.1 1
2,1,PPGIJJGB_03747 1,NP_417059.1 1
2,1,PPGIJJGB_00289 1,NP_418403.1 1
2,1,PPGIJJGB_00253 1,YP_026202.1 1
2,1,PPGIJJGB_01605 1,NP_415345.2 1
2,1,PPGIJJGB_04520 1,NP_417912.1 1
2,1,PPGIJJGB_03131 1,NP_416155.1 1
2,1,PPGIJJGB_04314 1,NP_417779.1 1
2,1,PPGIJJGB_03883 1,NP_414566.1 1
3,2,PPGIJJGB_00962 1 PPGIJJGB_01776 0.976,NP_414739.1 1
2,1,PPGIJJGB_01284 1,NP_414730.1 1
4,3,PPGIJJGB_00661 1,NP_414848.1 1 NP_414582.1 0.835 NP_416315.1 0.832
2,1,PPGIJJGB_04509 1,NP_417191.1 1
2,1,PPGIJJGB_04291 1,NP_417755.1 1
2,1,PPGIJJGB_02437 1,NP_416420.1 1
2,1,PPGIJJGB_03497 1,NP_414951.1 1
2,1,PPGIJJGB_00405 1,NP_417661.1 1
2,1,PPGIJJGB_03648 1,NP_417435.1 1
5,6,PPGIJJGB_00619 1 PPGIJJGB_00870 0.817 PPGIJJGB_01757 0.899,NP_416161.4 1 NP_418506.1 0.846
2,1,PPGIJJGB_01685 1,NP_415438.1 1
3,2,PPGIJJGB_03060 1 PPGIJJGB_01345 0.955,NP_415297.1 1
2,1,PPGIJJGB_02013 1,NP_415008.1 1
2,1,PPGIJJGB_01225 1,NP_414766.1 1
2,1,PPGIJJGB_00389 1,NP_415950.4 1
2,1,PPGIJJGB_00103 1,NP_418099.1 1
2,1,PPGIJJGB_03002 1,NP_416268.2 1
2,1,PPGIJJGB_01933 1,NP_414841.1 1
2,1,PPGIJJGB_00102 1,YP_009518822.1 1
2,1,PPGIJJGB_03426 1,NP_415191.1 1
2,1,PPGIJJGB_01519 1,NP_414966.1 1
3,2,PPGIJJGB_03374 1 PPGIJJGB_00564 0.918,NP_418396.1 1
3,2,PPGIJJGB_00713 0.544 PPGIJJGB_00714 1,NP_414935.1 1
2,1,PPGIJJGB_01411 1,NP_414927.1 1
2,1,PPGIJJGB_02965 1,NP_416964.1 1
2,1,PPGIJJGB_04443 1,NP_418464.1 1
2,1,PPGIJJGB_00561 1,NP_415959.1 1
2,1,PPGIJJGB_02988 1,NP_418809.4 1
2,1,PPGIJJGB_04455 1,NP_418077.1 1
3,2,PPGIJJGB_00946 1 PPGIJJGB_00576 0.908,NP_416973.1 1
2,1,PPGIJJGB_01237 1,NP_417274.1 1
4,3,PPGIJJGB_04412 1,NP_416659.1 1 NP_414889.1 0.858 NP_415117.2 0.811
2,1,PPGIJJGB_03363 1,NP_417846.1 1
2,1,PPGIJJGB_02471 1,NP_415854.4 1
2,1,PPGIJJGB_04521 1,NP_417911.4 1
2,1,PPGIJJGB_03103 1,NP_416130.3 1
2,1,PPGIJJGB_00894 1,NP_414675.1 1
4,3,PPGIJJGB_04146 1,NP_418256.1 1 NP_418732.1 0.851 NP_418733.1 0.939
2,1,PPGIJJGB_03057 1,NP_416343.1 1
4,3,PPGIJJGB_02195 1,NP_417196.1 0.244 NP_417377.1 1 NP_418177.1 0.191
3,2,PPGIJJGB_01253 1,NP_414710.1 1 NP_417384.1 0.808
2,1,PPGIJJGB_03221 1,NP_415328.4 1
2,1,PPGIJJGB_00415 1,NP_417672.1 1
2,1,PPGIJJGB_01479 1,NP_417105.1 1
2,1,PPGIJJGB_00898 1,NP_414686.3 1
2,1,PPGIJJGB_03860 1,NP_418601.1 1
2,1,PPGIJJGB_02736 1,NP_415391.1 1
2,1,PPGIJJGB_01986 1,NP_417209.1 1
2,1,PPGIJJGB_00507 1,NP_414649.1 1
2,1,PPGIJJGB_02360 1,NP_414865.1 1
2,1,PPGIJJGB_00290 1,NP_418404.1 1
2,1,PPGIJJGB_04058 1,NP_417860.2 1
2,1,PPGIJJGB_00994 1,NP_414593.1 1
2,1,PPGIJJGB_03197 1,NP_415552.1 1
3,2,PPGIJJGB_03751 1 PPGIJJGB_00865 0.831,NP_417063.1 1
2,1,PPGIJJGB_03388 1,NP_418577.1 1
2,1,PPGIJJGB_02119 1,NP_417298.1 1
2,1,PPGIJJGB_00072 1,NP_417292.1 1
2,1,PPGIJJGB_00509 1,NP_414651.1 1
2,1,PPGIJJGB_03745 1,NP_416599.2 1
2,1,PPGIJJGB_04008 1,NP_416917.1 1
2,1,PPGIJJGB_00814 1,NP_415022.1 1
3,2,PPGIJJGB_00888 1 PPGIJJGB_01356 0.892,NP_418754.2 1
2,1,PPGIJJGB_02527 1,NP_415705.1 1
2,1,PPGIJJGB_02374 1,NP_415475.1 1
2,1,PPGIJJGB_01778 1,NP_416823.1 1
2,1,PPGIJJGB_04053 1,NP_417786.1 1
2,1,PPGIJJGB_04313 1,NP_417778.1 1
2,1,PPGIJJGB_02292 1,NP_416528.2 1
2,1,PPGIJJGB_01349 1,NP_415788.1 1
2,1,PPGIJJGB_03975 1,NP_414704.4 1
2,1,PPGIJJGB_02012 1,NP_415007.1 1
2,1,PPGIJJGB_00895 1,NP_414676.1 1
2,1,PPGIJJGB_03234 1,NP_415396.1 1
2,1,PPGIJJGB_02811 1,NP_417383.1 1
2,1,PPGIJJGB_03310 1,NP_417075.1 1
2,1,PPGIJJGB_00683 1,NP_418683.4 1
2,1,PPGIJJGB_03144 1,NP_416703.1 1
2,1,PPGIJJGB_03029 1,NP_416384.1 1
3,2,PPGIJJGB_01135 1 PPGIJJGB_03153 0.852,NP_416397.1 1
2,1,PPGIJJGB_02398 1,NP_415849.1 1
2,1,PPGIJJGB_01674 1,NP_415320.1 1
2,1,PPGIJJGB_01683 1,NP_415435.1 1
2,1,PPGIJJGB_00426 1,NP_417702.1 1
2,1,PPGIJJGB_00978 1,NP_418596.1 1
2,1,PPGIJJGB_02080 1,NP_415127.1 1
2,1,PPGIJJGB_00330 1,NP_416203.1 1
2,1,PPGIJJGB_03481 1,NP_417644.4 1
2,1,PPGIJJGB_02081 1,NP_415118.1 1
2,1,PPGIJJGB_04438 1,NP_418468.3 1
4,3,PPGIJJGB_01697 0.565 PPGIJJGB_02549 1 PPGIJJGB_01119 0.932,NP_418496.1 1
2,1,PPGIJJGB_04080 1,NP_415858.1 1
2,1,PPGIJJGB_03490 1,NP_414955.1 1
2,1,PPGIJJGB_02343 1,NP_415608.2 1
2,1,PPGIJJGB_01651 1,NP_418180.1 1
2,1,PPGIJJGB_04543 1,NP_418282.1 1
2,1,PPGIJJGB_03941 1,NP_417305.1 1
2,1,PPGIJJGB_00193 1,NP_415378.1 1
3,2,PPGIJJGB_01698 1 PPGIJJGB_02550 0.661,NP_418497.1 1
2,1,PPGIJJGB_02408 1,NP_416175.1 1
2,1,PPGIJJGB_01377 1,NP_416512.1 1
2,1,PPGIJJGB_02814 1,NP_418129.2 1
2,1,PPGIJJGB_02127 1,NP_415634.1 1
2,1,PPGIJJGB_00560 1,NP_415960.1 1
2,1,PPGIJJGB_01540 1,NP_415776.1 1
6,5,PPGIJJGB_04121 1 PPGIJJGB_00329 0.881 PPGIJJGB_00539 0.828 PPGIJJGB_00733 0.831 PPGIJJGB_02567 0.830,NP_416057.1 1
2,1,PPGIJJGB_02982 1,NP_414747.1 1
2,1,PPGIJJGB_01521 1,NP_414964.1 1
2,1,PPGIJJGB_02426 1,NP_416735.1 1
2,1,PPGIJJGB_02786 1,NP_417027.1 1
2,1,PPGIJJGB_01326 1,NP_417421.4 1
3,2,PPGIJJGB_02243 1,NP_416728.1 1 NP_417321.2 0.242
2,1,PPGIJJGB_02133 1,NP_414971.1 1
2,1,PPGIJJGB_03592 1,NP_414774.1 1
2,1,PPGIJJGB_01995 1,NP_417199.1 1
2,1,PPGIJJGB_01982 1,NP_417207.1 1
2,1,PPGIJJGB_01686 1,NP_416424.1 1
2,1,PPGIJJGB_02722 1,NP_415430.1 1
2,1,PPGIJJGB_00551 1,NP_418662.1 1
3,2,PPGIJJGB_01052 1,NP_416724.1 0.125 NP_418432.1 1
2,1,PPGIJJGB_01637 1,NP_415238.1 1
3,2,PPGIJJGB_00221 1,NP_417474.1 1 NP_415924.1 0.765
4,4,PPGIJJGB_01945 1 PPGIJJGB_03345 0.881,NP_416687.1 1 NP_416206.6 0.885
2,1,PPGIJJGB_01650 1,NP_418181.1 1
2,1,PPGIJJGB_01451 1,NP_416871.1 1
2,1,PPGIJJGB_04460 1,NP_418092.1 1
2,1,PPGIJJGB_03356 1,NP_416261.1 1
2,1,PPGIJJGB_01853 1,NP_416169.1 1
2,1,PPGIJJGB_04302 1,NP_417767.1 1
2,1,PPGIJJGB_04240 1,NP_417718.1 1
4,3,PPGIJJGB_00126 0.277 PPGIJJGB_00584 1 PPGIJJGB_03259 0.856,NP_415477.1 1
2,1,PPGIJJGB_00236 1,NP_415054.1 1
4,3,PPGIJJGB_02717 1,NP_415797.1 1 NP_418038.1 0.884 NP_418617.1 0.872
2,1,PPGIJJGB_04200 1,NP_418479.1 1
4,4,PPGIJJGB_02407 1 PPGIJJGB_04375 0.888,NP_418208.1 1 NP_418319.2 0.888
3,2,PPGIJJGB_04506 1,NP_417630.1 1 NP_418165.1 0.218
2,1,PPGIJJGB_03136 1,NP_416173.1 1
2,1,PPGIJJGB_02970 1,NP_415301.1 1
2,1,PPGIJJGB_01845 1,NP_416167.1 1
2,1,PPGIJJGB_00956 1,NP_414702.1 1
2,1,PPGIJJGB_01258 1,NP_414716.1 1
2,1,PPGIJJGB_03483 1,NP_417646.1 1
3,2,PPGIJJGB_04512 1,NP_418139.1 1 NP_417834.6 0.942
2,1,PPGIJJGB_03831 1,YP_026243.1 1
3,2,PPGIJJGB_01274 1 PPGIJJGB_02502 0.331,NP_416153.1 1
2,1,PPGIJJGB_02333 1,NP_416570.2 1
2,1,PPGIJJGB_03069 1,NP_417694.1 1
2,1,PPGIJJGB_00057 1,NP_416882.1 1
2,1,PPGIJJGB_02944 1,NP_415347.1 1
2,1,PPGIJJGB_03106 1,NP_418384.1 1
2,1,PPGIJJGB_02660 1,NP_415806.1 1
2,1,PPGIJJGB_03225 1,NP_417513.1 1
2,1,PPGIJJGB_00297 1,NP_418409.1 1
2,1,PPGIJJGB_03652 1,NP_416807.1 1
2,1,PPGIJJGB_02973 1,NP_414757.1 1
2,1,PPGIJJGB_03750 1,NP_417062.1 1
3,2,PPGIJJGB_01625 1 PPGIJJGB_00466 0.114,NP_415598.3 1
2,1,PPGIJJGB_02540 1,NP_415152.1 1
2,1,PPGIJJGB_02431 1,NP_417293.1 1
3,2,PPGIJJGB_00435 1,NP_417696.1 1 NP_415359.4 0.897
2,1,PPGIJJGB_02793 1,NP_414943.1 1
2,1,PPGIJJGB_04454 1,NP_418090.1 1
2,1,PPGIJJGB_00930 1,NP_414613.1 1
3,2,PPGIJJGB_00609 1,NP_416879.4 0.169 NP_415572.1 1
2,1,PPGIJJGB_02978 1,NP_414751.1 1
2,1,PPGIJJGB_01664 1,NP_418125.1 1
2,1,PPGIJJGB_01336 1,NP_416157.1 1
2,1,PPGIJJGB_01725 1,NP_417389.1 1
2,1,PPGIJJGB_04317 1,NP_417863.1 1
3,2,PPGIJJGB_04434 1 PPGIJJGB_00372 0.900,NP_418350.1 1
2,1,PPGIJJGB_03724 1,NP_417224.1 1
2,1,PPGIJJGB_03944 1,NP_417308.1 1
2,1,PPGIJJGB_03598 1,NP_417998.1 1
2,1,PPGIJJGB_04570 1,NP_418817.1 1
4,3,PPGIJJGB_03302 1,NP_418574.1 1 NP_414910.1 0.891 NP_416925.2 0.845
2,1,PPGIJJGB_01779 1,NP_416822.1 1
2,1,PPGIJJGB_02942 1,NP_416658.1 1
3,2,PPGIJJGB_01998 1,NP_416978.4 1 NP_417202.1 0.792
2,1,PPGIJJGB_01547 1,NP_415783.6 1
2,1,PPGIJJGB_02334 1,NP_416569.1 1
2,1,PPGIJJGB_04069 1,NP_417391.1 1
2,1,PPGIJJGB_02304 1,NP_416318.1 1
2,1,PPGIJJGB_01557 1,NP_415104.1 1
3,2,PPGIJJGB_01511 1 PPGIJJGB_01222 0.826,NP_416718.1 1
2,1,PPGIJJGB_02862 1,NP_416691.1 1
4,3,PPGIJJGB_04441 1 PPGIJJGB_02024 0.908 PPGIJJGB_03890 0.902,NP_418467.1 1
2,1,PPGIJJGB_03316 1,NP_415730.1 1
2,1,PPGIJJGB_00118 1,NP_418299.1 1
2,1,PPGIJJGB_01160 1,NP_415207.1 1
2,1,PPGIJJGB_03731 1,NP_417261.1 1
3,2,PPGIJJGB_00853 1,NP_414786.4 1 NP_417122.1 0.959
2,1,PPGIJJGB_04588 1,NP_414693.1 1
2,1,PPGIJJGB_02010 1,NP_415005.1 1
2,1,PPGIJJGB_02799 1,NP_415138.1 1
2,1,PPGIJJGB_02844 1,NP_416809.1 1
2,1,PPGIJJGB_01295 1,NP_416852.1 1
4,3,PPGIJJGB_00512 1,NP_414655.1 1 NP_417454.1 0.879 NP_418061.1 0.770
2,1,PPGIJJGB_01302 1,NP_416908.1 1
2,1,PPGIJJGB_04251 1,NP_417920.1 1
2,1,PPGIJJGB_02960 1,NP_416709.1 1
2,1,PPGIJJGB_02323 1,NP_415036.1 1
5,4,PPGIJJGB_01863 1 PPGIJJGB_01219 0.900 PPGIJJGB_01220 1 PPGIJJGB_03444 1,NP_416144.1 1
2,1,PPGIJJGB_03993 1,NP_418796.1 1
2,1,PPGIJJGB_01623 1,NP_415596.1 1
2,1,PPGIJJGB_02656 1,NP_415809.1 1
2,1,PPGIJJGB_00248 1,NP_417483.2 1
2,1,PPGIJJGB_01427 1,NP_414737.1 1
2,1,PPGIJJGB_00971 1,NP_418590.1 1
2,1,PPGIJJGB_04326 1,NP_417873.1 1
2,1,PPGIJJGB_00992 1,NP_414591.1 1
2,1,PPGIJJGB_01419 1,NP_416912.1 1
4,3,PPGIJJGB_02838 0.058 PPGIJJGB_02989 0.067 PPGIJJGB_03520 1,NP_415801.1 1
2,1,PPGIJJGB_01767 1,NP_416218.1 1
2,1,PPGIJJGB_00834 1,NP_418647.1 1
2,1,PPGIJJGB_04542 1,YP_026271.1 1
4,3,PPGIJJGB_01606 1,NP_418381.1 0.071 NP_415346.4 1 NP_416959.1 0.875
3,2,PPGIJJGB_01247 1 PPGIJJGB_01483 0.906,NP_418460.1 1
2,1,PPGIJJGB_01908 1,NP_416467.1 1
2,1,PPGIJJGB_03630 1,NP_418584.1 1
4,3,PPGIJJGB_02668 1 PPGIJJGB_00777 0.907 PPGIJJGB_04130 0.940,NP_415409.1 1
2,1,PPGIJJGB_02852 1,NP_416989.1 1
2,1,PPGIJJGB_00719 1,NP_417425.2 1
2,1,PPGIJJGB_02657 1,NP_415808.1 1
2,1,PPGIJJGB_00656 1,NP_416370.2 1
2,1,PPGIJJGB_04026 1,NP_418394.3 1
3,2,PPGIJJGB_01044 1 PPGIJJGB_04110 0.792,NP_417812.1 1
2,1,PPGIJJGB_04537 1,NP_417954.1 1
2,1,PPGIJJGB_00202 1,NP_417928.1 1
2,1,PPGIJJGB_01925 1,NP_418640.1 1
2,1,PPGIJJGB_02022 1,NP_415125.1 1
2,1,PPGIJJGB_04219 1,NP_417716.1 1
2,1,PPGIJJGB_02730 1,NP_415372.1 1
2,1,PPGIJJGB_00136 1,NP_416125.2 1
2,1,PPGIJJGB_02467 1,NP_415441.1 1
2,1,PPGIJJGB_00269 1,NP_417051.2 1
2,1,PPGIJJGB_02353 1,NP_415618.1 1
2,1,PPGIJJGB_01546 1,NP_415782.1 1
2,1,PPGIJJGB_04009 1,YP_026168.2 1
2,1,PPGIJJGB_01858 1,NP_416149.1 1
2,1,PPGIJJGB_02756 1,NP_416784.1 1
2,1,PPGIJJGB_02217 1,NP_416179.1 1
2,1,PPGIJJGB_01609 1,NP_416688.1 1
2,1,PPGIJJGB_02713 1,NP_417257.1 1
2,1,PPGIJJGB_02435 1,NP_416674.1 1
2,1,PPGIJJGB_04242 1,NP_415734.1 1
2,1,PPGIJJGB_04567 1,NP_418815.1 1
2,1,PPGIJJGB_02845 1,NP_415395.2 1
2,1,PPGIJJGB_01704 1,NP_416308.4 1
2,1,PPGIJJGB_02530 1,NP_416820.1 1
2,1,PPGIJJGB_02637 1,NP_416648.1 1
2,1,PPGIJJGB_01872 1,NP_417649.1 1
2,1,PPGIJJGB_03016 1,NP_415210.1 1
2,1,PPGIJJGB_03756 1,NP_417068.1 1
2,1,PPGIJJGB_04256 1,NP_418398.3 1
2,1,PPGIJJGB_00736 1,NP_416375.1 1
3,2,PPGIJJGB_02563 1 PPGIJJGB_03035 0.880,NP_418272.1 1
2,1,PPGIJJGB_02888 1,NP_414743.1 1
2,1,PPGIJJGB_02959 1,NP_416708.1 1
2,1,PPGIJJGB_03434 1,NP_415169.1 1
2,1,PPGIJJGB_01638 1,NP_416995.1 1
3,2,PPGIJJGB_03111 1,NP_416137.1 1 NP_416414.1 0.803
2,1,PPGIJJGB_02322 1,NP_415447.1 1
4,3,PPGIJJGB_03161 1 PPGIJJGB_00447 0.830 PPGIJJGB_01791 0.822,NP_416394.1 1
2,1,PPGIJJGB_03782 1,NP_417378.1 1
2,1,PPGIJJGB_03334 1,NP_415272.1 1
2,1,PPGIJJGB_03323 1,NP_415722.1 1
3,2,PPGIJJGB_00036 1 PPGIJJGB_03584 0.859,NP_418108.1 1
2,1,PPGIJJGB_02641 1,NP_417309.1 1
2,1,PPGIJJGB_03117 1,NP_415259.1 1
3,2,PPGIJJGB_00985 1 PPGIJJGB_00154 0.740,NP_416216.5 1
2,1,PPGIJJGB_01642 1,NP_416991.2 1
2,1,PPGIJJGB_00614 1,NP_417504.1 1
2,1,PPGIJJGB_00573 1,NP_417887.1 1
2,1,PPGIJJGB_03864 1,NP_417172.1 1
3,2,PPGIJJGB_03366 1,YP_026215.2 1 NP_414922.1 0.840
3,2,PPGIJJGB_03358 1 PPGIJJGB_01544 0.869,NP_417819.1 1
2,1,PPGIJJGB_00743 1,NP_415265.1 1
2,1,PPGIJJGB_00651 1,NP_416372.1 1
2,1,PPGIJJGB_00650 1,NP_416373.1 1
2,1,PPGIJJGB_00819 1,NP_417230.1 1
2,1,PPGIJJGB_01268 1,NP_414725.1 1
3,2,PPGIJJGB_02723 1 PPGIJJGB_03500 0.878,NP_415793.1 1
2,1,PPGIJJGB_01410 1,NP_417904.1 1
2,1,PPGIJJGB_00581 1,NP_415470.1 1
2,1,PPGIJJGB_02375 1,NP_415474.1 1
2,1,PPGIJJGB_04010 1,NP_416919.1 1
2,1,PPGIJJGB_02791 1,NP_417632.1 1
2,1,PPGIJJGB_02846 1,NP_418748.1 1
2,1,PPGIJJGB_02883 1,NP_414744.1 1
4,3,PPGIJJGB_03740 1,NP_417602.4 1 NP_416331.1 0.871 NP_417607.1 0.909
2,1,PPGIJJGB_01068 1,NP_416609.1 1
2,1,PPGIJJGB_01348 1,NP_415787.1 1
2,1,PPGIJJGB_01912 1,NP_415626.4 1
2,1,PPGIJJGB_01985 1,NP_417210.2 1
2,1,PPGIJJGB_02957 1,NP_416706.1 1
2,1,PPGIJJGB_00043 1,NP_418271.1 1
2,1,PPGIJJGB_04297 1,NP_417762.1 1
7,6,PPGIJJGB_04472 1 PPGIJJGB_00327 0.898 PPGIJJGB_01146 0.903 PPGIJJGB_03418 0.975 PPGIJJGB_03697 0.938 PPGIJJGB_04399 0.974,NP_418221.1 1
2,1,PPGIJJGB_03725 1,NP_417225.1 1
2,1,PPGIJJGB_01603 1,NP_415800.1 1
3,2,PPGIJJGB_01092 1 PPGIJJGB_00278 0.972,NP_415103.1 1
3,2,PPGIJJGB_02198 1,NP_417978.2 1 NP_415289.4 0.942
2,1,PPGIJJGB_04358 1,NP_417740.1 1
2,1,PPGIJJGB_04595 1,NP_416427.1 1
2,1,PPGIJJGB_00809 1,NP_417956.1 1
2,1,PPGIJJGB_01965 1,NP_417111.1 1
2,1,PPGIJJGB_01342 1,NP_418598.1 1
2,1,PPGIJJGB_02082 1,NP_415128.1 1
3,2,PPGIJJGB_01259 1,NP_414717.2 1 NP_415927.1 0.896
2,1,PPGIJJGB_04248 1,NP_414668.1 1
3,2,PPGIJJGB_04435 1 PPGIJJGB_00366 0.977,NP_418348.1 1
2,1,PPGIJJGB_00838 1,NP_414667.4 1
2,1,PPGIJJGB_03960 1,NP_415385.1 1
3,2,PPGIJJGB_02889 1,NP_416174.1 1 NP_416749.4 1
2,1,PPGIJJGB_03662 1,NP_417375.1 1
2,1,PPGIJJGB_03513 1,NP_415515.1 1
2,1,PPGIJJGB_04356 1,NP_418301.3 1
2,1,PPGIJJGB_01681 1,NP_415433.4 1
2,1,PPGIJJGB_00258 1,NP_417084.1 1
2,1,PPGIJJGB_00900 1,NP_414688.1 1
4,4,PPGIJJGB_03285 1 PPGIJJGB_00967 0.905,NP_415637.1 1 NP_417689.4 0.953
2,1,PPGIJJGB_00342 1,NP_414796.2 1
2,1,PPGIJJGB_00323 1,NP_415717.1 1
2,1,PPGIJJGB_00214 1,NP_418367.1 1
2,1,PPGIJJGB_02128 1,NP_415635.4 1
2,1,PPGIJJGB_01699 1,NP_415057.1 1
4,3,PPGIJJGB_03583 1,NP_416671.1 1 NP_416286.4 0.824 NP_416603.1 0.902
2,1,PPGIJJGB_04319 1,YP_026216.2 1
2,1,PPGIJJGB_03628 1,NP_418586.4 1
3,2,PPGIJJGB_02414 0.053 PPGIJJGB_00958 1,NP_416722.2 1
2,1,PPGIJJGB_02909 1,NP_414875.1 1
2,1,PPGIJJGB_03723 1,NP_417223.1 1
2,1,PPGIJJGB_03686 1,NP_414600.1 1
2,1,PPGIJJGB_04583 1,NP_418196.1 1
3,2,PPGIJJGB_04324 1 PPGIJJGB_02856 0.893,NP_417871.1 1
3,2,PPGIJJGB_01399 1,NP_416992.1 1 NP_418120.2 0.873
2,1,PPGIJJGB_02465 1,NP_415443.2 1
2,1,PPGIJJGB_00300 1,NP_418412.1 1
3,2,PPGIJJGB_04097 1 PPGIJJGB_02638 0.861,NP_416763.1 1
3,2,PPGIJJGB_02487 1 PPGIJJGB_02163 0.849,NP_416830.1 1
2,1,PPGIJJGB_01021 1,NP_417031.1 1
3,2,PPGIJJGB_04366 1 PPGIJJGB_02460 0.892,NP_417745.1 1
2,1,PPGIJJGB_01403 1,NP_415288.1 1
2,1,PPGIJJGB_01602 1,NP_416050.4 1
2,1,PPGIJJGB_03654 1,NP_415028.1 1
2,1,PPGIJJGB_03453 1,NP_417371.1 1
2,1,PPGIJJGB_00793 1,NP_417317.1 1
2,1,PPGIJJGB_04299 1,NP_417764.1 1
2,1,PPGIJJGB_00222 1,NP_415277.1 1
2,1,PPGIJJGB_03121 1,NP_415653.4 1
2,1,PPGIJJGB_04364 1,YP_026211.1 1
2,1,PPGIJJGB_03168 1,NP_416455.1 1
2,1,PPGIJJGB_02287 1,NP_416530.1 1
2,1,PPGIJJGB_01537 1,NP_415060.1 1
2,1,PPGIJJGB_01245 1,NP_417271.1 1
2,1,PPGIJJGB_00612 1,NP_417506.1 1
3,2,PPGIJJGB_02469 1 PPGIJJGB_03479 0.930,NP_418354.1 1
3,2,PPGIJJGB_03174 1 PPGIJJGB_00452 0.884,NP_416449.1 1
2,1,PPGIJJGB_03441 1,NP_415163.2 1
2,1,PPGIJJGB_01308 1,NP_418658.1 1
2,1,PPGIJJGB_02272 1,NP_417356.1 1
2,1,PPGIJJGB_02350 1,NP_415615.1 1
2,1,PPGIJJGB_03580 1,NP_417975.1 1
2,1,PPGIJJGB_04184 1,NP_418420.4 1
9,14,PPGIJJGB_03959 1 PPGIJJGB_00263 0.832 PPGIJJGB_00333 0.834 PPGIJJGB_01705 0.868 PPGIJJGB_01706 0.868 PPGIJJGB_01719 1 PPGIJJGB_04538 0.811,NP_415381.1 1 NP_415384.1 0.340
5,6,PPGIJJGB_03651 0.172 PPGIJJGB_00521 0.146 PPGIJJGB_01057 1,NP_415686.2 1 NP_416329.4 0.910
2,1,PPGIJJGB_01298 1,NP_415445.1 1
2,1,PPGIJJGB_01720 1,NP_416226.1 1
2,1,PPGIJJGB_00256 1,NP_417086.1 1
2,1,PPGIJJGB_04108 1,NP_418344.3 1
2,1,PPGIJJGB_00540 1,NP_416969.1 1
2,1,PPGIJJGB_03018 1,NP_415209.1 1
2,1,PPGIJJGB_02672 1,NP_415405.1 1
2,1,PPGIJJGB_02434 1,NP_416673.1 1
2,1,PPGIJJGB_00310 1,NP_417800.1 1
2,1,PPGIJJGB_00746 1,NP_415268.1 1
2,1,PPGIJJGB_00720 1,NP_417426.1 1
4,3,PPGIJJGB_03292 1,NP_416872.4 1 NP_414580.1 0.836 NP_416875.1 0.874
2,1,PPGIJJGB_03409 1,NP_418545.1 1
2,1,PPGIJJGB_03600 1,NP_416684.1 1
2,1,PPGIJJGB_03255 1,NP_415750.2 1
2,1,PPGIJJGB_02309 1,NP_415002.1 1
3,2,PPGIJJGB_00351 1,NP_417896.1 1 NP_417577.1 0.943
2,1,PPGIJJGB_00511 1,NP_414652.1 1
2,1,PPGIJJGB_04341 1,NP_418324.1 1
2,1,PPGIJJGB_00899 1,NP_414687.1 1
2,1,PPGIJJGB_02130 1,NP_416794.1 1
2,1,PPGIJJGB_00681 1,NP_418682.1 1
2,1,PPGIJJGB_00640 1,NP_417490.1 1
4,3,PPGIJJGB_03164 1 PPGIJJGB_00444 0.832 PPGIJJGB_01794 0.893,NP_416458.1 1
2,1,PPGIJJGB_02351 1,NP_415616.1 1
2,1,PPGIJJGB_01327 1,NP_417420.1 1
2,1,PPGIJJGB_01257 1,NP_414714.1 1
2,1,PPGIJJGB_00039 1,NP_418105.1 1
3,2,PPGIJJGB_00304 1 PPGIJJGB_02921 0.835,NP_417805.4 1
4,3,PPGIJJGB_02821 1 PPGIJJGB_01448 0.830 PPGIJJGB_03335 0.818,NP_414701.1 1
2,1,PPGIJJGB_02769 1,NP_417007.1 1
2,1,PPGIJJGB_00438 1,NP_417618.1 1
2,1,PPGIJJGB_04091 1,NP_418365.1 1
2,1,PPGIJJGB_01877 1,NP_416629.4 1
2,1,PPGIJJGB_03486 1,NP_417648.4 1
2,1,PPGIJJGB_00504 1,NP_414645.1 1
2,1,PPGIJJGB_00065 1,NP_418402.2 1
2,1,PPGIJJGB_04430 1,NP_417676.2 1
2,1,PPGIJJGB_02436 1,NP_414622.1 1
2,1,PPGIJJGB_00675 1,NP_416638.4 1
3,2,PPGIJJGB_01744 1 PPGIJJGB_01279 0.832,NP_416101.1 1
2,1,PPGIJJGB_03503 1,NP_414947.1 1
2,1,PPGIJJGB_01301 1,NP_418103.4 1
2,1,PPGIJJGB_02649 1,NP_415838.1 1
4,3,PPGIJJGB_02009 1 PPGIJJGB_01386 0.833 PPGIJJGB_03215 0.838,NP_418331.1 1
4,4,PPGIJJGB_04270 1 PPGIJJGB_01825 0.857,NP_416868.1 0.505 NP_417171.1 1
2,1,PPGIJJGB_03961 1,NP_417704.1 1
2,1,PPGIJJGB_00309 1,NP_417801.1 1
2,1,PPGIJJGB_00034 1,YP_026266.1 1
2,1,PPGIJJGB_03555 1,NP_418784.4 1
2,1,PPGIJJGB_03028 1,NP_416382.1 1
2,1,PPGIJJGB_02146 1,NP_414551.1 1
2,1,PPGIJJGB_04292 1,NP_417756.1 1
2,1,PPGIJJGB_00575 1,NP_418788.1 1
2,1,PPGIJJGB_02752 1,NP_416788.1 1
2,1,PPGIJJGB_03948 1,NP_417099.4 1
2,1,PPGIJJGB_00700 1,NP_418805.1 1
2,1,PPGIJJGB_00939 1,NP_414620.1 1
2,1,PPGIJJGB_00430 1,NP_417698.1 1
2,1,PPGIJJGB_01688 1,NP_416422.1 1
3,2,PPGIJJGB_04345 1,NP_418322.1 1 NP_417979.1 0.854
2,1,PPGIJJGB_03511 1,NP_415514.1 1
3,2,PPGIJJGB_04334 1,NP_416364.1 1 YP_026238.1 0.864
2,1,PPGIJJGB_01882 1,NP_415758.1 1
2,1,PPGIJJGB_00262 1,NP_418199.1 1
2,1,PPGIJJGB_00652 1,NP_416371.4 1
2,1,PPGIJJGB_04437 1,NP_418063.1 1
2,1,PPGIJJGB_04436 1,NP_418347.1 1
2,1,PPGIJJGB_04466 1,NP_418097.2 1
4,3,PPGIJJGB_04185 1,NP_418421.1 1 NP_416606.1 0.842 NP_416913.1 0.818
2,1,PPGIJJGB_04092 1,NP_416768.4 1
2,1,PPGIJJGB_04495 1,NP_418005.1 1
2,1,PPGIJJGB_02979 1,NP_414750.1 1
2,1,PPGIJJGB_03704 1,NP_417429.1 1
3,2,PPGIJJGB_00203 1 PPGIJJGB_01437 0.889,NP_418364.1 1
3,2,PPGIJJGB_01874 1,NP_418043.1 1 NP_418054.1 0.702
3,2,PPGIJJGB_01106 0.077 PPGIJJGB_03179 1,NP_417960.1 1
4,3,PPGIJJGB_02877 1,NP_418320.2 1 NP_416284.1 0.939 NP_418612.1 0.957
3,2,PPGIJJGB_01701 1 PPGIJJGB_01212 0.912,NP_415058.1 1
3,2,PPGIJJGB_00055 1 PPGIJJGB_04388 1,NP_416312.1 1
2,1,PPGIJJGB_03951 1,NP_417102.4 1
2,1,PPGIJJGB_03425 1,NP_415192.1 1
2,1,PPGIJJGB_03431 1,NP_415173.1 1
2,1,PPGIJJGB_04493 1,YP_026228.1 1
2,1,PPGIJJGB_02094 1,NP_418260.1 1
3,2,PPGIJJGB_01561 1 PPGIJJGB_00164 0.911,NP_416542.1 1
2,1,PPGIJJGB_03145 1,NP_416704.1 1
2,1,PPGIJJGB_03005 1,NP_416272.2 1
2,1,PPGIJJGB_04468 1,NP_417399.1 1
2,1,PPGIJJGB_01000 1,NP_414597.1 1
2,1,PPGIJJGB_04525 1,YP_026220.1 1
2,1,PPGIJJGB_04541 1,NP_414903.4 1
2,1,PPGIJJGB_03146 1,NP_416705.2 1
2,1,PPGIJJGB_03013 1,NP_415212.1 1
2,1,PPGIJJGB_04482 1,NP_418290.4 1
2,1,PPGIJJGB_04467 1,NP_418098.4 1
2,1,PPGIJJGB_01415 1,NP_414931.1 1
5,4,PPGIJJGB_00033 1,YP_026267.1 1 NP_414980.2 0.819 NP_415343.1 0.983 NP_415365.4 0.983
2,1,PPGIJJGB_00187 1,NP_415813.4 1
2,1,PPGIJJGB_02981 1,NP_414748.1 1
2,1,PPGIJJGB_00451 1,NP_416448.1 1
2,1,PPGIJJGB_02545 1,NP_416745.1 1
2,1,PPGIJJGB_04134 1,NP_416752.1 1
2,1,PPGIJJGB_03727 1,NP_417227.1 1
2,1,PPGIJJGB_01210 1,NP_414967.1 1
2,1,PPGIJJGB_00313 1,NP_414742.1 1
2,1,PPGIJJGB_04040 1,NP_417858.4 1
2,1,PPGIJJGB_02420 1,NP_416233.1 1
2,1,PPGIJJGB_04039 1,NP_417856.1 1
2,1,PPGIJJGB_02955 1,NP_415304.1 1
2,1,PPGIJJGB_03664 1,NP_415770.1 1
2,1,PPGIJJGB_01465 1,NP_415815.1 1
4,3,PPGIJJGB_01787 1,NP_415490.1 1 NP_415307.1 0.954 NP_415308.1 0.850
2,1,PPGIJJGB_04307 1,NP_417772.1 1
2,1,PPGIJJGB_00431 1,NP_417697.1 1
2,1,PPGIJJGB_04140 1,NP_418152.1 1
2,1,PPGIJJGB_00462 1,NP_415594.1 1
2,1,PPGIJJGB_02783 1,NP_417024.1 1
2,1,PPGIJJGB_00691 1,YP_026291.2 1
3,2,PPGIJJGB_03773 1,NP_414928.2 1 NP_418508.1 0.914
2,1,PPGIJJGB_03093 1,NP_417110.1 1
2,1,PPGIJJGB_03792 1,NP_415399.4 1
2,1,PPGIJJGB_04289 1,NP_417753.1 1
3,2,PPGIJJGB_03984 1 PPGIJJGB_03272 0.914,NP_415840.1 1
4,3,PPGIJJGB_01867 0.263 PPGIJJGB_02283 0.132 PPGIJJGB_00238 1,NP_416801.2 1
3,2,PPGIJJGB_03401 1 PPGIJJGB_04190 1,NP_417497.1 1
2,1,PPGIJJGB_03760 1,NP_417374.1 1
2,1,PPGIJJGB_00773 1,NP_415966.6 1
2,1,PPGIJJGB_01856 1,NP_416168.1 1
2,1,PPGIJJGB_03235 1,NP_416377.1 1
2,1,PPGIJJGB_02300 1,NP_416321.1 1
2,1,PPGIJJGB_02708 1,NP_415754.1 1
2,1,PPGIJJGB_00298 1,NP_418410.1 1
2,1,PPGIJJGB_00543 1,NP_417795.1 1
2,1,PPGIJJGB_04264 1,NP_417892.1 1
2,1,PPGIJJGB_03845 1,NP_418359.1 1
2,1,PPGIJJGB_01233 1,NP_417278.4 1
2,1,PPGIJJGB_04428 1,NP_417738.4 1
2,1,PPGIJJGB_01862 1,NP_416145.1 1
2,1,PPGIJJGB_02872 1,YP_026246.1 1
2,1,PPGIJJGB_04576 1,NP_418191.1 1
2,1,PPGIJJGB_00925 1,NP_414608.1 1
2,1,PPGIJJGB_02000 1,NP_416976.4 1
4,3,PPGIJJGB_02223 1,NP_415930.1 1 NP_414588.1 0.936 NP_415421.1 0.923
2,1,PPGIJJGB_03055 1,NP_415467.1 1
2,1,PPGIJJGB_02293 1,NP_416527.1 1
2,1,PPGIJJGB_04464 1,NP_418095.4 1
2,1,PPGIJJGB_04253 1,NP_417922.1 1
2,1,PPGIJJGB_03726 1,NP_417226.1 1
2,1,PPGIJJGB_01159 1,NP_415026.1 1
2,1,PPGIJJGB_01991 1,NP_418048.1 1
2,1,PPGIJJGB_02831 1,NP_414699.1 1
3,2,PPGIJJGB_00944 1 PPGIJJGB_03034 0.911,NP_416975.1 1
2,1,PPGIJJGB_02605 1,NP_417556.2 1
6,8,PPGIJJGB_03695 1 PPGIJJGB_04159 0.856,NP_415895.1 0.502 NP_416719.1 1 NP_414776.1 0.381 NP_415449.1 0.383
3,2,PPGIJJGB_02488 1 PPGIJJGB_02715 0.818,NP_417078.4 1
2,1,PPGIJJGB_03666 1,NP_418635.1 1
2,1,PPGIJJGB_03601 1,NP_416683.1 1
3,2,PPGIJJGB_02842 1,NP_416811.1 1 NP_417999.1 0.850
2,1,PPGIJJGB_02663 1,NP_416816.1 1
2,1,PPGIJJGB_02349 1,NP_415614.1 1
2,1,PPGIJJGB_01266 1,NP_414723.1 1
2,1,PPGIJJGB_02966 1,NP_416697.1 1
2,1,PPGIJJGB_03593 1,NP_414773.1 1
2,1,PPGIJJGB_01588 1,NP_415585.1 1
2,1,PPGIJJGB_02231 1,NP_417675.1 1
3,2,PPGIJJGB_02201 1 PPGIJJGB_00649 0.900,NP_416662.1 1
2,1,PPGIJJGB_04344 1,NP_418323.1 1
2,1,PPGIJJGB_00324 1,NP_415716.4 1
2,1,PPGIJJGB_03271 1,NP_417663.1 1
2,1,PPGIJJGB_04304 1,NP_417769.1 1
2,1,PPGIJJGB_03140 1,NP_416699.1 1
9,8,PPGIJJGB_04101 1,NP_416839.1 1 NP_414682.1 0.816 NP_415064.1 0.848 NP_415245.1 0.885 NP_415459.1 0.813 NP_415464.4 0.856 NP_417612.1 0.878 NP_418736.3 0.882
2,1,PPGIJJGB_00530 1,NP_417531.1 1
2,1,PPGIJJGB_04300 1,NP_417765.1 1
2,1,PPGIJJGB_02643 1,NP_417095.1 1
2,1,PPGIJJGB_02776 1,NP_417013.1 1
2,1,PPGIJJGB_03958 1,NP_415383.1 1
2,1,PPGIJJGB_00013 1,NP_415222.1 1
2,1,PPGIJJGB_03499 1,NP_414949.1 1
2,1,PPGIJJGB_02339 1,NP_415605.2 1
2,1,PPGIJJGB_00052 1,NP_416418.1 1
2,1,PPGIJJGB_04458 1,NP_418091.1 1
2,1,PPGIJJGB_03188 1,NP_415648.1 1
2,1,PPGIJJGB_00379 1,NP_418483.1 1
2,1,PPGIJJGB_03283 1,NP_418628.4 1
2,1,PPGIJJGB_03775 1,YP_026280.1 1
2,1,PPGIJJGB_00503 1,NP_414644.1 1
2,1,PPGIJJGB_01051 1,NP_417806.1 1
2,1,PPGIJJGB_03475 1,NP_417639.6 1
2,1,PPGIJJGB_02444 1,NP_416834.1 1
2,1,PPGIJJGB_02279 1,NP_417344.1 1
2,1,PPGIJJGB_04137 1,YP_026225.1 1
2,1,PPGIJJGB_00408 1,NP_417665.1 1
3,2,PPGIJJGB_01276 1 PPGIJJGB_04410 0.870,NP_415420.1 1
3,2,PPGIJJGB_02203 1 PPGIJJGB_02204 0.469,NP_416369.1 1
3,2,PPGIJJGB_03058 1,NP_415299.1 1 NP_416110.4 0.892
2,1,PPGIJJGB_03655 1,NP_415027.1 1
2,1,PPGIJJGB_02805 1,NP_418245.1 1
2,1,PPGIJJGB_01093 1,NP_415102.1 1
4,3,PPGIJJGB_03534 1,NP_416279.1 1 NP_415110.1 0.782 NP_415528.1 0.797
2,1,PPGIJJGB_04328 1,NP_418066.1 1
2,1,PPGIJJGB_04156 1,NP_418246.1 1
2,1,PPGIJJGB_03848 1,NP_418621.5 1
2,1,PPGIJJGB_02757 1,NP_416783.1 1
2,1,PPGIJJGB_04566 1,NP_417187.1 1
2,1,PPGIJJGB_00483 1,NP_414623.1 1
2,1,PPGIJJGB_04360 1,NP_417741.1 1
2,1,PPGIJJGB_04258 1,NP_415564.2 1
2,1,PPGIJJGB_00747 1,NP_415269.1 1
2,1,PPGIJJGB_00383 1,NP_415772.1 1
2,1,PPGIJJGB_00479 1,NP_416404.1 1
2,1,PPGIJJGB_03736 1,NP_415388.1 1
2,1,PPGIJJGB_00545 1,NP_415483.2 1
2,1,PPGIJJGB_01726 1,NP_417387.3 1
2,1,PPGIJJGB_01322 1,NP_417424.1 1
2,1,PPGIJJGB_03157 1,NP_416432.3 1
2,1,PPGIJJGB_01441 1,NP_418820.1 1
2,1,PPGIJJGB_04528 1,NP_418286.1 1
2,1,PPGIJJGB_01647 1,NP_417054.2 1
2,1,PPGIJJGB_03825 1,YP_026287.1 1
2,1,PPGIJJGB_02586 1,NP_415699.5 1
2,1,PPGIJJGB_01208 1,NP_414960.2 1
2,1,PPGIJJGB_01181 1,NP_416178.1 1
2,1,PPGIJJGB_04250 1,NP_417919.1 1
3,2,PPGIJJGB_02785 1 PPGIJJGB_04374 0.853,NP_417026.1 1
2,1,PPGIJJGB_00505 1,NP_417446.4 1
2,1,PPGIJJGB_04315 1,NP_417780.1 1
5,4,PPGIJJGB_02518 1,NP_416129.1 0.882 NP_418546.1 1 NP_417533.1 0.861 NP_417534.1 0.875
3,2,PPGIJJGB_02087 1,NP_418707.1 1 NP_415120.1 0.138
2,1,PPGIJJGB_04052 1,NP_417787.1 1
2,1,PPGIJJGB_04363 1,NP_417743.1 1
2,1,PPGIJJGB_01323 1,NP_417423.4 1
2,1,PPGIJJGB_03135 1,NP_416171.1 1
3,2,PPGIJJGB_03742 1,NP_417609.1 1 NP_416333.4 0.918
2,1,PPGIJJGB_02387 1,NP_416346.4 1
2,1,PPGIJJGB_01897 1,NP_415621.3 1
2,1,PPGIJJGB_01265 1,NP_414722.1 1
2,1,PPGIJJGB_02281 1,NP_415628.1 1
2,1,PPGIJJGB_02418 1,NP_416231.1 1
2,1,PPGIJJGB_00963 1,NP_414740.1 1
2,1,PPGIJJGB_04293 1,NP_417757.1 1
2,1,PPGIJJGB_03092 1,NP_417109.1 1
2,1,PPGIJJGB_02742 1,NP_416831.1 1
2,1,PPGIJJGB_01299 1,NP_415446.1 1
2,1,PPGIJJGB_01612 1,NP_416803.3 1
2,1,PPGIJJGB_03721 1,NP_417222.1 1
2,1,PPGIJJGB_02779 1,NP_417020.1 1
2,1,PPGIJJGB_03124 1,NP_415650.1 1
2,1,PPGIJJGB_02956 1,NP_415303.1 1
2,1,PPGIJJGB_04155 1,NP_418247.1 1
2,1,PPGIJJGB_03557 1,NP_414550.1 1
3,2,PPGIJJGB_02220 1,NP_416241.1 1 NP_418171.1 0.960
2,1,PPGIJJGB_01975 1,NP_417467.1 1
2,1,PPGIJJGB_03957 1,NP_415382.1 1
2,1,PPGIJJGB_00970 1,NP_418589.1 1
2,1,PPGIJJGB_00831 1,NP_418637.1 1
2,1,PPGIJJGB_02953 1,NP_415306.1 1
2,1,PPGIJJGB_00916 1,NP_414698.1 1
2,1,PPGIJJGB_04336 1,NP_418689.1 1
2,1,PPGIJJGB_02258 1,NP_414732.1 1
2,1,PPGIJJGB_04532 1,NP_418228.2 1
2,1,PPGIJJGB_01207 1,NP_414959.1 1
2,1,PPGIJJGB_04107 1,NP_417557.1 1
2,1,PPGIJJGB_00440 1,NP_417616.1 1
2,1,PPGIJJGB_00780 1,NP_415287.1 1
2,1,PPGIJJGB_04572 1,NP_418187.1 1
2,1,PPGIJJGB_03846 1,NP_418624.1 1
2,1,PPGIJJGB_04507 1,NP_415512.1 1
2,1,PPGIJJGB_02950 1,NP_415286.1 1
2,1,PPGIJJGB_02815 1,NP_416805.1 1
3,2,PPGIJJGB_01091 0.477 PPGIJJGB_01501 1,NP_415106.1 1
2,1,PPGIJJGB_04217 1,NP_417714.1 1
2,1,PPGIJJGB_01859 1,NP_416148.1 1
19,48,PPGIJJGB_02843 1 PPGIJJGB_00374 0.884 PPGIJJGB_00585 0.884 PPGIJJGB_00645 0.884 PPGIJJGB_00784 0.812 PPGIJJGB_01011 0.939 PPGIJJGB_01297 1 PPGIJJGB_01400 0.881 PPGIJJGB_01657 0.870 PPGIJJGB_01919 0.824 PPGIJJGB_02305 0.879 PPGIJJGB_02441 0.854 PPGIJJGB_02561 0.881 PPGIJJGB_03393 0.881 PPGIJJGB_03790 0.790 PPGIJJGB_04002 0.852,NP_416812.1 1 NP_416813.1 0.554 NP_415332.1 0.880
2,1,PPGIJJGB_02808 1,NP_417380.1 1
2,1,PPGIJJGB_03102 1,NP_418389.1 1
2,1,PPGIJJGB_03553 1,NP_414590.1 1
2,1,PPGIJJGB_03748 1,NP_417060.1 1
3,2,PPGIJJGB_03361 1 PPGIJJGB_02427 0.905,NP_417844.1 1
2,1,PPGIJJGB_01592 1,NP_416258.1 1
2,1,PPGIJJGB_00390 1,NP_415951.1 1
2,1,PPGIJJGB_03311 1,NP_417074.1 1
2,1,PPGIJJGB_03866 1,NP_417048.1 1
2,1,PPGIJJGB_03402 1,NP_417498.1 1
3,2,PPGIJJGB_03851 1,NP_416313.4 1 NP_417532.1 0.236
2,1,PPGIJJGB_00240 1,NP_418665.1 1
4,4,PPGIJJGB_02653 1 PPGIJJGB_00641 1,NP_415820.1 1 NP_418603.1 0.974
2,1,PPGIJJGB_03274 1,NP_416802.1 1
2,1,PPGIJJGB_00715 1,NP_417070.2 1
2,1,PPGIJJGB_02595 1,NP_415249.1 1
2,1,PPGIJJGB_02568 1,NP_417710.1 1
2,1,PPGIJJGB_00403 1,NP_417659.1 1
2,1,PPGIJJGB_03003 1,NP_416269.4 1
3,2,PPGIJJGB_02636 1 PPGIJJGB_00596 0.831,NP_416647.1 1
2,1,PPGIJJGB_04094 1,NP_416766.1 1
2,1,PPGIJJGB_03189 1,NP_415647.1 1
2,1,PPGIJJGB_00247 1,NP_418573.1 1
2,1,PPGIJJGB_01770 1,NP_416636.1 1
2,1,PPGIJJGB_00059 1,NP_415055.1 1
2,1,PPGIJJGB_04081 1,NP_414921.2 1
2,1,PPGIJJGB_04310 1,NP_417775.1 1
2,1,PPGIJJGB_00494 1,NP_414635.1 1
3,2,PPGIJJGB_04597 1 PPGIJJGB_01666 0.828,NP_416430.1 1
3,2,PPGIJJGB_01137 1 PPGIJJGB_01617 0.928,NP_416398.1 1
2,1,PPGIJJGB_01627 1,NP_415600.1 1
3,2,PPGIJJGB_02004 1,NP_417193.1 1 NP_418030.1 0.140
2,1,PPGIJJGB_03142 1,NP_416701.1 1
2,1,PPGIJJGB_04263 1,NP_418167.1 1
3,2,PPGIJJGB_00414 1,NP_417671.1 1 NP_417409.1 1
2,1,PPGIJJGB_03450 1,NP_417749.1 1
2,1,PPGIJJGB_03284 1,YP_025309.2 1
2,1,PPGIJJGB_02980 1,NP_414749.2 1
3,2,PPGIJJGB_00272 1,NP_415554.4 1 NP_414851.1 0.790
2,1,PPGIJJGB_00615 1,NP_417503.1 1
2,1,PPGIJJGB_03224 1,NP_415025.4 1
3,2,PPGIJJGB_04209 1,NP_417980.1 0.071 NP_418535.1 1
2,1,PPGIJJGB_04141 1,NP_415814.4 1
2,1,PPGIJJGB_02386 1,YP_026161.1 1
3,2,PPGIJJGB_03962 1,NP_416926.4 1 NP_415538.1 0.819
2,1,PPGIJJGB_03432 1,NP_415172.1 1
2,1,PPGIJJGB_04596 1,NP_416428.1 1
2,1,PPGIJJGB_00896 1,NP_414684.1 1
2,1,PPGIJJGB_03754 1,NP_417066.1 1
2,1,PPGIJJGB_02155 1,NP_416210.4 1
2,1,PPGIJJGB_00910 1,NP_416679.4 1
2,1,PPGIJJGB_00007 1,NP_418142.1 1
2,1,PPGIJJGB_01480 1,NP_417104.1 1
2,1,PPGIJJGB_00183 1,NP_418814.1 1
2,1,PPGIJJGB_04210 1,NP_416046.1 1
2,1,PPGIJJGB_01031 1,NP_417815.1 1
2,1,PPGIJJGB_02749 1,NP_416791.3 1
2,1,PPGIJJGB_02983 1,NP_414745.1 1
3,2,PPGIJJGB_04149 1 PPGIJJGB_03270 0.791,NP_417315.1 1
2,1,PPGIJJGB_02985 1,NP_415769.1 1
2,1,PPGIJJGB_03496 1,NP_414952.1 1
2,1,PPGIJJGB_04084 1,NP_416242.6 1
5,4,PPGIJJGB_04161 1 PPGIJJGB_01020 0.914 PPGIJJGB_02865 0.877 PPGIJJGB_04586 0.886,NP_415326.1 1
2,1,PPGIJJGB_04295 1,NP_417760.1 1
5,4,PPGIJJGB_01203 1 PPGIJJGB_01343 0.906 PPGIJJGB_03216 1 PPGIJJGB_03378 0.917,NP_416112.1 1
2,1,PPGIJJGB_01384 1,NP_416723.1 1
2,1,PPGIJJGB_04066 1,NP_417398.1 1
2,1,PPGIJJGB_03000 1,NP_416267.1 1
2,1,PPGIJJGB_03946 1,NP_417097.1 1
2,1,PPGIJJGB_00722 1,NP_417427.1 1
2,1,PPGIJJGB_02352 1,NP_415617.1 1
2,1,PPGIJJGB_02666 1,NP_415411.2 1
2,1,PPGIJJGB_00765 1,NP_416294.4 1
3,2,PPGIJJGB_03156 1 PPGIJJGB_01452 0.753,NP_416396.1 1
2,1,PPGIJJGB_03943 1,NP_417307.1 1
2,1,PPGIJJGB_02529 1,NP_415703.3 1
2,1,PPGIJJGB_00404 1,NP_417660.1 1
2,1,PPGIJJGB_02782 1,NP_417023.1 1
2,1,PPGIJJGB_03466 1,NP_415737.1 1
2,1,PPGIJJGB_02841 1,NP_416810.1 1
2,1,PPGIJJGB_02145 1,NP_416484.2 1
2,1,PPGIJJGB_02468 1,NP_415440.1 1
3,2,PPGIJJGB_00663 1,NP_417180.1 1 NP_416055.1 0.865
2,1,PPGIJJGB_00554 1,NP_414992.1 1
3,2,PPGIJJGB_04453 1,NP_418614.4 1 NP_418724.1 0.859
4,4,PPGIJJGB_04280 1 PPGIJJGB_03813 0.864,NP_417810.1 1 NP_417500.1 0.873
2,1,PPGIJJGB_00275 1,NP_416481.1 1
3,2,PPGIJJGB_03741 1,NP_417608.1 1 NP_416332.1 0.923
2,1,PPGIJJGB_04331 1,NP_418070.6 1
2,1,PPGIJJGB_03004 1,NP_416270.1 1
2,1,PPGIJJGB_02268 1,NP_417352.2 1
2,1,PPGIJJGB_00506 1,NP_414648.1 1
2,1,PPGIJJGB_03700 1,NP_415584.1 1
2,1,PPGIJJGB_03966 1,NP_414984.1 1
3,2,PPGIJJGB_00060 1 PPGIJJGB_04361 0.891,NP_415056.1 1
2,1,PPGIJJGB_00607 1,NP_417526.1 1
2,1,PPGIJJGB_01993 1,NP_417197.1 1
2,1,PPGIJJGB_02727 1,NP_416113.1 1
2,1,PPGIJJGB_03524 1,NP_417721.1 1
2,1,PPGIJJGB_00981 1,NP_417653.1 1
2,1,PPGIJJGB_01785 1,NP_415489.4 1
2,1,PPGIJJGB_02472 1,NP_418791.1 1
2,1,PPGIJJGB_01250 1,NP_414705.1 1
2,1,PPGIJJGB_03367 1,NP_417850.1 1
2,1,PPGIJJGB_03472 1,NP_417636.1 1
2,1,PPGIJJGB_04034 1,NP_418373.1 1
3,2,PPGIJJGB_01668 0.330 PPGIJJGB_01669 1,NP_414917.2 1
2,1,PPGIJJGB_04480 1,NP_418292.1 1
2,1,PPGIJJGB_04309 1,NP_417774.1 1
3,2,PPGIJJGB_02157 1 PPGIJJGB_03293 0.887,NP_414581.1 1
2,1,PPGIJJGB_04589 1,NP_414694.1 1
2,1,PPGIJJGB_04303 1,NP_417768.1 1
2,1,PPGIJJGB_00436 1,NP_417695.1 1
3,2,PPGIJJGB_04419 1,NP_417548.1 1 NP_417688.1 0.858
3,2,PPGIJJGB_04514 1,NP_416248.1 1 NP_418543.1 0.868
3,2,PPGIJJGB_01850 1,NP_416201.1 1 NP_415129.1 0.119
2,1,PPGIJJGB_01660 1,NP_415331.1 1
2,1,PPGIJJGB_02415 1,NP_416227.1 1
2,1,PPGIJJGB_03012 1,NP_415213.1 1
7,6,PPGIJJGB_00904 1 PPGIJJGB_00359 0.943 PPGIJJGB_00805 0.845 PPGIJJGB_02885 0.911 PPGIJJGB_02913 0.943 PPGIJJGB_03291 0.995,NP_414729.4 1
2,1,PPGIJJGB_00160 1,YP_026254.1 1
2,1,PPGIJJGB_01990 1,NP_418047.1 1
2,1,PPGIJJGB_04301 1,NP_417766.1 1
2,1,PPGIJJGB_00352 1,NP_417572.2 1
3,2,PPGIJJGB_04524 1 PPGIJJGB_02792 0.940,NP_417883.1 1
2,1,PPGIJJGB_02089 1,NP_415122.1 1
4,3,PPGIJJGB_01354 0.098 PPGIJJGB_01830 0.069 PPGIJJGB_00824 1,NP_417543.1 1
2,1,PPGIJJGB_00301 1,NP_418413.1 1
2,1,PPGIJJGB_02788 1,NP_417626.1 1
2,1,PPGIJJGB_01918 1,NP_415387.1 1
7,10,PPGIJJGB_00212 1 PPGIJJGB_01108 0.841,NP_416342.4 1 NP_414930.3 0.768 NP_416283.1 0.891 NP_418146.4 0.895 NP_418757.1 0.854
2,1,PPGIJJGB_03498 1,NP_414950.1 1
2,1,PPGIJJGB_04096 1,NP_416764.1 1
2,1,PPGIJJGB_00480 1,NP_416403.1 1
2,1,PPGIJJGB_04154 1,NP_418248.1 1
2,1,PPGIJJGB_01413 1,NP_414932.1 1
2,1,PPGIJJGB_02169 1,NP_414953.2 1
2,1,PPGIJJGB_01626 1,NP_415599.1 1
2,1,PPGIJJGB_03090 1,NP_417621.2 1
3,2,PPGIJJGB_01931 1,NP_417449.1 0.585 NP_418060.1 1
2,1,PPGIJJGB_01976 1,NP_417466.1 1
3,2,PPGIJJGB_02490 1,NP_414915.1 1 NP_414634.1 0.971
2,1,PPGIJJGB_00336 1,NP_417898.1 1
2,1,PPGIJJGB_00437 1,NP_417619.1 1
2,1,PPGIJJGB_04298 1,NP_417763.1 1
2,1,PPGIJJGB_02311 1,NP_415004.1 1
2,1,PPGIJJGB_01622 1,NP_415595.1 1
2,1,PPGIJJGB_02539 1,NP_415153.1 1
2,1,PPGIJJGB_01331 1,NP_417419.1 1
2,1,PPGIJJGB_02581 1,NP_418308.1 1
2,1,PPGIJJGB_01522 1,NP_414963.1 1
3,2,PPGIJJGB_00676 1,NP_417482.1 0.434 NP_417566.1 1
2,1,PPGIJJGB_00197 1,NP_418264.4 1
2,1,PPGIJJGB_02720 1,NP_415432.1 1
2,1,PPGIJJGB_03463 1,NP_418445.1 1
2,1,PPGIJJGB_03880 1,NP_414569.1 1
2,1,PPGIJJGB_01048 1,NP_417808.1 1
3,2,PPGIJJGB_01341 1,NP_415077.1 1 NP_415294.1 0.881
2,1,PPGIJJGB_03048 1,NP_416491.3 1
2,1,PPGIJJGB_00194 1,NP_418346.2 1
2,1,PPGIJJGB_00770 1,NP_416292.1 1
2,1,PPGIJJGB_00306 1,NP_417804.1 1
2,1,PPGIJJGB_00525 1,NP_418772.4 1
2,1,PPGIJJGB_04577 1,NP_418192.1 1
2,1,PPGIJJGB_02937 1,NP_415574.1 1
3,2,PPGIJJGB_03784 1,NP_416568.1 1 NP_417981.2 0.904
2,1,PPGIJJGB_03881 1,NP_414568.1 1
2,1,PPGIJJGB_04305 1,NP_417770.1 1
2,1,PPGIJJGB_04362 1,YP_026210.1 1
5,6,PPGIJJGB_02928 1 PPGIJJGB_03821 0.903 PPGIJJGB_04268 0.914,NP_414618.4 1 NP_415844.1 0.884
2,1,PPGIJJGB_02513 1,NP_417077.1 1
2,1,PPGIJJGB_03703 1,NP_418166.1 1
2,1,PPGIJJGB_02548 1,NP_418495.2 1
2,1,PPGIJJGB_02594 1,NP_415250.1 1
5,6,PPGIJJGB_04135 1 PPGIJJGB_03674 0.806 PPGIJJGB_03675 0.756,NP_415314.1 1 NP_417942.6 0.781
4,4,PPGIJJGB_01734 1 PPGIJJGB_04269 0.151,NP_416869.1 1 NP_417170.1 0.320
3,2,PPGIJJGB_02088 1 PPGIJJGB_01013 0.879,NP_415121.1 1
4,3,PPGIJJGB_03353 0.273 PPGIJJGB_00579 1 PPGIJJGB_02338 0.895,NP_417175.1 1
2,1,PPGIJJGB_03690 1,NP_418566.1 1
2,1,PPGIJJGB_02235 1,NP_415694.1 1
2,1,PPGIJJGB_00982 1,NP_417652.1 1
3,2,PPGIJJGB_01417 1 PPGIJJGB_03713 0.886,NP_415935.2 1
2,1,PPGIJJGB_01379 1,NP_418294.1 1
2,1,PPGIJJGB_02986 1,NP_416520.1 1
4,4,PPGIJJGB_02726 1 PPGIJJGB_02938 0.941,NP_414872.3 1 NP_415855.1 0.948
2,1,PPGIJJGB_02269 1,NP_417353.1 1
3,2,PPGIJJGB_01206 1,NP_414958.4 1 NP_417622.2 0.931
5,4,PPGIJJGB_02701 1,NP_418050.1 0.629 YP_026224.1 0.701 NP_415030.1 1 NP_415229.1 0.623
2,1,PPGIJJGB_03059 1,NP_415298.1 1
2,1,PPGIJJGB_01042 1,NP_416532.1 1
5,6,PPGIJJGB_01081 1 PPGIJJGB_03206 0.911,NP_415676.1 1 NP_415892.1 0.900 NP_416063.1 0.900
2,1,PPGIJJGB_03137 1,NP_416848.1 1
2,1,PPGIJJGB_03953 1,NP_418599.1 1
2,1,PPGIJJGB_04312 1,NP_417777.1 1
2,1,PPGIJJGB_01935 1,NP_417453.1 1
2,1,PPGIJJGB_01750 1,NP_418487.1 1
2,1,PPGIJJGB_00110 1,NP_418297.1 1
2,1,PPGIJJGB_03416 1,NP_416796.2 1
2,1,PPGIJJGB_03679 1,NP_417727.1 1
5,6,PPGIJJGB_02158 1 PPGIJJGB_02142 0.861 PPGIJJGB_02153 0.858,NP_415911.1 1 NP_414578.2 0.884
2,1,PPGIJJGB_02553 1,NP_418500.1 1
2,1,PPGIJJGB_02115 1,NP_416717.1 1
2,1,PPGIJJGB_02676 1,NP_415402.1 1
2,1,PPGIJJGB_03433 1,NP_415170.4 1
2,1,PPGIJJGB_01721 1,NP_416224.1 1
2,1,PPGIJJGB_04048 1,NP_417791.1 1
2,1,PPGIJJGB_03314 1,NP_415732.1 1
2,1,PPGIJJGB_04578 1,NP_418193.1 1
2,1,PPGIJJGB_01763 1,NP_417397.1 1
2,1,PPGIJJGB_00613 1,NP_417505.1 1
2,1,PPGIJJGB_00396 1,NP_416511.4 1
2,1,PPGIJJGB_00706 1,NP_418428.1 1
2,1,PPGIJJGB_03858 1,NP_416770.1 1
2,1,PPGIJJGB_00710 1,NP_418470.4 1
2,1,PPGIJJGB_00943 1,NP_416797.2 1
2,1,PPGIJJGB_02850 1,NP_416990.1 1
2,1,PPGIJJGB_00398 1,NP_418655.1 1
2,1,PPGIJJGB_04145 1,NP_418257.1 1
2,1,PPGIJJGB_04417 1,NP_417545.1 1
2,1,PPGIJJGB_00961 1,NP_418284.1 1
2,1,PPGIJJGB_00589 1,NP_417437.1 1
2,1,PPGIJJGB_03735 1,NP_416628.1 1
2,1,PPGIJJGB_02674 1,NP_415404.1 1
2,1,PPGIJJGB_03037 1,NP_416223.1 1
2,1,PPGIJJGB_02758 1,NP_416782.1 1
2,1,PPGIJJGB_04057 1,NP_417859.1 1
4,3,PPGIJJGB_00851 1,NP_416506.1 0.486 NP_414781.1 0.574 NP_417131.1 1
2,1,PPGIJJGB_00658 1,NP_418427.1 1
2,1,PPGIJJGB_04325 1,NP_417872.2 1
2,1,PPGIJJGB_03461 1,NP_418794.1 1
2,1,PPGIJJGB_00975 1,NP_418593.1 1
2,1,PPGIJJGB_02492 1,NP_416225.1 1
2,1,PPGIJJGB_03847 1,NP_418623.1 1
2,1,PPGIJJGB_01996 1,NP_416983.1 1
2,1,PPGIJJGB_03755 1,NP_417067.1 1
3,2,PPGIJJGB_01586 1 PPGIJJGB_02178 0.888,NP_416551.1 1
2,1,PPGIJJGB_03665 1,NP_415767.2 1
2,1,PPGIJJGB_04585 1,NP_418198.1 1
6,5,PPGIJJGB_03301 1,NP_416593.1 1 NP_414833.1 1 NP_414906.1 1 NP_415073.1 1 NP_415545.1 1
5,4,PPGIJJGB_02829 1 PPGIJJGB_02830 0.737 PPGIJJGB_00472 0.109 PPGIJJGB_00473 0.134,NP_416433.1 1
3,2,PPGIJJGB_03139 1,NP_416698.1 1 NP_418499.1 0.859
3,2,PPGIJJGB_02403 1,NP_418204.2 1 NP_417284.1 1
2,1,PPGIJJGB_03647 1,NP_417434.4 1
2,1,PPGIJJGB_01449 1,NP_417823.1 1
5,4,PPGIJJGB_02160 1,NP_417216.1 0.062 NP_417594.3 1 NP_415042.1 0.217 NP_418318.1 0.907
2,1,PPGIJJGB_03554 1,NP_418783.2 1
2,1,PPGIJJGB_00049 1,NP_417952.1 1
2,1,PPGIJJGB_00945 1,NP_416974.4 1
2,1,PPGIJJGB_00723 1,NP_417428.2 1
2,1,PPGIJJGB_03484 1,NP_417647.1 1
2,1,PPGIJJGB_00416 1,NP_417673.1 1
2,1,PPGIJJGB_03470 1,NP_417634.1 1
2,1,PPGIJJGB_03438 1,NP_415166.1 1
2,1,PPGIJJGB_03478 1,NP_417642.1 1
2,1,PPGIJJGB_01932 1,NP_414840.1 1
2,1,PPGIJJGB_02520 1,NP_416327.1 1
2,1,PPGIJJGB_01062 1,NP_417057.1 1
2,1,PPGIJJGB_02781 1,NP_417022.1 1
2,1,PPGIJJGB_00296 1,NP_418408.1 1
3,2,PPGIJJGB_02823 1 PPGIJJGB_01014 0.819,NP_414700.1 1
3,2,PPGIJJGB_01871 1,NP_415370.1 1 NP_418067.1 0.863
2,1,PPGIJJGB_04463 1,NP_418094.1 1
2,1,PPGIJJGB_04329 1,NP_418068.1 1
2,1,PPGIJJGB_02795 1,NP_414941.1 1
2,1,PPGIJJGB_02677 1,NP_415401.1 1
6,5,PPGIJJGB_03508 1 PPGIJJGB_00375 0.227 PPGIJJGB_00376 0.092 PPGIJJGB_00377 0.227 PPGIJJGB_00378 0.164,YP_009518741.1 1
3,2,PPGIJJGB_01554 1,NP_414997.1 1 NP_417730.1 0.900
2,1,PPGIJJGB_02446 1,NP_415857.2 1
2,1,PPGIJJGB_02380 1,NP_415466.4 1
2,1,PPGIJJGB_02139 1,NP_418492.1 1
2,1,PPGIJJGB_02773 1,NP_417011.1 1
2,1,PPGIJJGB_02870 1,NP_416713.1 1
4,3,PPGIJJGB_03162 1 PPGIJJGB_00446 0.080 PPGIJJGB_01792 0.858,NP_416460.1 1
2,1,PPGIJJGB_03411 1,NP_418009.2 1
2,1,PPGIJJGB_00410 1,NP_417667.1 1
2,1,PPGIJJGB_00721 1,NP_414920.1 1
4,3,PPGIJJGB_00501 1 PPGIJJGB_00616 0.826 PPGIJJGB_02554 0.845,NP_414641.1 1
2,1,PPGIJJGB_03072 1,NP_416966.1 1
4,3,PPGIJJGB_02095 1,NP_416214.1 1 NP_417246.4 0.287 NP_414585.1 0.557
3,2,PPGIJJGB_01875 1,NP_418044.1 1 NP_418055.1 0.448
2,1,PPGIJJGB_00604 1,NP_415014.1 1
7,12,PPGIJJGB_02116 1 PPGIJJGB_03247 0.950 PPGIJJGB_00949 0.811,NP_416136.1 1 NP_415804.1 0.950 NP_417185.1 0.840 NP_417319.1 0.816
2,1,PPGIJJGB_03516 1,NP_415518.1 1
2,1,PPGIJJGB_00380 1,NP_415558.1 1
2,1,PPGIJJGB_04024 1,NP_417640.1 1
2,1,PPGIJJGB_01304 1,NP_416907.1 1
3,2,PPGIJJGB_02945 1 PPGIJJGB_02946 1,NP_415089.1 1
2,1,PPGIJJGB_04593 1,NP_418159.1 1
2,1,PPGIJJGB_00105 1,NP_415020.1 1
2,1,PPGIJJGB_01271 1,NP_418557.1 1
2,1,PPGIJJGB_00208 1,NP_417825.1 1
2,1,PPGIJJGB_02642 1,NP_417096.1 1
2,1,PPGIJJGB_01029 1,NP_416336.1 1
4,4,PPGIJJGB_02923 0.052 PPGIJJGB_00305 1,NP_417583.4 0.533 NP_418664.2 1
2,1,PPGIJJGB_01590 1,NP_416127.1 1
2,1,PPGIJJGB_03777 1,NP_417527.1 1
2,1,PPGIJJGB_03718 1,NP_417537.1 1
2,1,PPGIJJGB_01723 1,NP_418466.1 1
5,6,PPGIJJGB_01086 0.144 PPGIJJGB_01469 0.112 PPGIJJGB_02710 1,NP_415753.1 1 NP_417155.1 0.066
2,1,PPGIJJGB_00657 1,NP_415551.2 1
2,1,PPGIJJGB_03319 1,NP_415727.1 1
2,1,PPGIJJGB_00266 1,NP_416123.1 1
3,2,PPGIJJGB_04075 1,NP_418058.1 1 NP_417404.1 0.935
2,1,PPGIJJGB_00592 1,NP_417782.1 1
2,1,PPGIJJGB_00413 1,NP_417670.1 1
3,2,PPGIJJGB_01151 0.343 PPGIJJGB_03968 1,NP_415851.1 1
2,1,PPGIJJGB_01174 1,NP_415235.1 1
3,2,PPGIJJGB_01994 1,NP_417198.1 1 NP_416985.4 0.939
2,1,PPGIJJGB_00011 1,NP_416304.1 1
3,2,PPGIJJGB_01454 1,NP_417511.3 1 NP_414882.1 0.867
3,2,PPGIJJGB_04491 1,NP_417927.1 1 NP_416440.1 0.845
3,2,PPGIJJGB_02347 1 PPGIJJGB_03572 0.882,NP_415612.1 1
3,2,PPGIJJGB_01624 0.142 PPGIJJGB_00465 1,NP_415597.1 1
3,2,PPGIJJGB_02097 1,NP_416213.1 1 NP_414584.1 0.288
2,1,PPGIJJGB_00107 1,NP_418295.1 1
2,1,PPGIJJGB_00942 1,NP_416798.1 1
2,1,PPGIJJGB_04150 1,NP_418251.1 1
7,6,PPGIJJGB_03709 1 PPGIJJGB_01069 0.961 PPGIJJGB_01085 0.904 PPGIJJGB_02149 0.874 PPGIJJGB_02242 0.920 PPGIJJGB_03113 0.926,NP_417751.1 1
2,1,PPGIJJGB_03670 1,NP_415751.1 1
2,1,PPGIJJGB_03636 1,NP_418676.1 1
2,1,PPGIJJGB_00307 1,NP_417803.1 1
2,1,PPGIJJGB_02341 1,NP_415606.1 1
2,1,PPGIJJGB_01421 1,NP_416910.1 1
2,1,PPGIJJGB_01828 1,NP_415309.1 1
2,1,PPGIJJGB_01188 1,NP_415393.1 1
2,1,PPGIJJGB_01248 1,NP_418461.1 1
2,1,PPGIJJGB_03949 1,NP_417100.1 1
2,1,PPGIJJGB_02963 1,NP_416712.1 1
2,1,PPGIJJGB_02120 1,NP_416842.1 1
2,1,PPGIJJGB_03015 1,NP_415211.2 1
2,1,PPGIJJGB_00401 1,NP_417657.2 1
3,2,PPGIJJGB_02021 1 PPGIJJGB_03229 0.817,NP_415581.1 1
2,1,PPGIJJGB_01665 1,NP_415143.1 1
2,1,PPGIJJGB_00095 1,NP_418713.1 1
2,1,PPGIJJGB_01246 1,NP_417270.1 1
4,3,PPGIJJGB_02603 0.121 PPGIJJGB_03322 0.207 PPGIJJGB_01056 1,NP_415013.1 1
2,1,PPGIJJGB_01152 1,NP_416572.1 1
2,1,PPGIJJGB_03155 1,NP_416395.1 1
2,1,PPGIJJGB_02958 1,NP_416707.4 1
2,1,PPGIJJGB_01784 1,NP_416817.2 1
2,1,PPGIJJGB_03834 1,NP_418790.1 1
2,1,PPGIJJGB_03390 1,NP_418575.1 1
5,4,PPGIJJGB_04451 1,NP_418616.1 1 NP_416597.1 0.826 NP_418336.1 1 NP_418722.1 1
2,1,PPGIJJGB_02608 1,NP_414830.1 1
2,1,PPGIJJGB_04547 1,NP_418278.1 1
2,1,PPGIJJGB_00836 1,NP_416814.1 1
2,1,PPGIJJGB_03236 1,NP_415586.1 1
2,1,PPGIJJGB_02308 1,NP_415001.1 1
2,1,PPGIJJGB_02628 1,NP_418769.1 1
2,1,PPGIJJGB_03128 1,NP_417625.1 1
3,2,PPGIJJGB_01619 1 PPGIJJGB_00460 0.068,NP_415592.1 1
4,4,PPGIJJGB_00370 1 PPGIJJGB_01596 1,NP_416337.1 0.267 NP_415156.1 1
2,1,PPGIJJGB_02543 1,NP_415749.1 1
2,1,PPGIJJGB_03885 1,NP_414564.1 1
2,1,PPGIJJGB_02900 1,NP_416360.1 1
3,2,PPGIJJGB_01984 1,NP_417206.1 1 NP_417465.1 0.092
3,2,PPGIJJGB_02574 1,NP_418572.4 1 NP_415075.1 0.872
2,1,PPGIJJGB_00679 1,NP_418680.1 1
4,4,PPGIJJGB_00742 1 PPGIJJGB_04113 0.862,NP_415264.1 1 NP_414977.1 0.832
2,1,PPGIJJGB_00993 1,NP_414592.1 1
2,1,PPGIJJGB_04157 1,YP_588461.1 1
2,1,PPGIJJGB_00038 1,NP_418106.1 1
2,1,PPGIJJGB_04047 1,NP_417792.2 1
2,1,PPGIJJGB_01711 1,NP_415798.2 1
2,1,PPGIJJGB_02770 1,NP_417008.1 1
2,1,PPGIJJGB_04172 1,NP_416465.2 1
3,2,PPGIJJGB_00529 1,NP_417530.2 1 NP_416806.1 0.840
2,1,PPGIJJGB_03428 1,NP_415176.1 1
2,1,PPGIJJGB_02907 1,NP_416792.1 1
3,2,PPGIJJGB_03408 1,NP_418571.1 1 NP_416676.4 0.939
2,1,PPGIJJGB_02827 1,NP_416434.1 1
2,1,PPGIJJGB_04492 1,NP_416323.4 1
5,4,PPGIJJGB_00523 1 PPGIJJGB_01147 0.881 PPGIJJGB_03680 1 PPGIJJGB_04385 0.828,YP_026264.1 1
2,1,PPGIJJGB_02997 1,NP_418223.1 1
2,1,PPGIJJGB_03440 1,NP_415164.1 1
3,2,PPGIJJGB_01175 1,NP_415680.1 1 NP_416631.1 0.348
2,1,PPGIJJGB_03967 1,NP_414733.1 1
2,1,PPGIJJGB_03988 1,NP_415273.1 1
2,1,PPGIJJGB_03389 1,NP_418576.1 1
2,1,PPGIJJGB_03759 1,NP_417373.1 1
2,1,PPGIJJGB_03167 1,NP_416456.1 1
2,1,PPGIJJGB_03122 1,NP_415652.1 1
2,1,PPGIJJGB_00131 1,NP_418371.1 1
2,1,PPGIJJGB_04527 1,NP_417514.4 1
2,1,PPGIJJGB_02954 1,NP_415305.1 1
2,1,PPGIJJGB_03839 1,NP_417174.1 1
2,1,PPGIJJGB_02847 1,NP_414938.1 1
2,1,PPGIJJGB_02919 1,NP_416469.1 1
2,1,PPGIJJGB_01535 1,NP_416024.1 1
2,1,PPGIJJGB_02240 1,NP_414925.1 1
2,1,PPGIJJGB_00439 1,NP_417617.1 1
2,1,PPGIJJGB_00813 1,NP_415021.2 1
3,2,PPGIJJGB_00796 1,NP_418673.4 1 NP_418033.1 0.883
3,2,PPGIJJGB_01876 1,NP_418774.2 0.587 NP_415130.1 1
3,2,PPGIJJGB_00073 1,NP_417291.1 1 NP_416194.1 0.863
2,1,PPGIJJGB_04165 1,NP_418006.1 1
2,1,PPGIJJGB_01155 1,NP_415856.1 1
2,1,PPGIJJGB_01777 1,NP_415794.1 1
2,1,PPGIJJGB_00668 1,NP_417176.1 1
3,2,PPGIJJGB_01209 1,NP_414945.1 1 NP_416903.1 0.927
2,1,PPGIJJGB_03091 1,NP_417108.4 1
2,1,PPGIJJGB_02494 1,NP_418436.1 1
2,1,PPGIJJGB_02319 1,NP_416690.1 1
2,1,PPGIJJGB_01215 1,NP_414969.4 1
6,5,PPGIJJGB_01139 1 PPGIJJGB_01045 0.799 PPGIJJGB_01616 0.788 PPGIJJGB_03148 0.913 PPGIJJGB_03656 0.785,NP_416401.1 1
2,1,PPGIJJGB_04544 1,YP_026270.1 1
2,1,PPGIJJGB_04271 1,NP_417925.1 1
22,72,PPGIJJGB_00204 1 PPGIJJGB_01960 1 PPGIJJGB_04494 0.087 PPGIJJGB_03081 0.080 PPGIJJGB_00246 0.076 PPGIJJGB_01854 0.073 PPGIJJGB_02925 0.072 PPGIJJGB_01226 0.070 PPGIJJGB_01324 0.068 PPGIJJGB_00384 0.066 PPGIJJGB_02542 0.065 PPGIJJGB_02818 0.062 PPGIJJGB_01896 0.060 PPGIJJGB_02328 0.058 PPGIJJGB_03385 0.058 PPGIJJGB_01401 0.055 PPGIJJGB_00763 0.053 PPGIJJGB_02941 0.050,NP_416400.1 1 NP_416399.1 1 NP_418775.1 0.397 NP_415938.1 0.112
2,1,PPGIJJGB_01263 1,NP_414720.1 1
2,1,PPGIJJGB_04167 1,NP_416182.1 1
2,1,PPGIJJGB_01315 1,NP_416159.2 1
2,1,PPGIJJGB_01340 1,NP_415078.1 1
2,1,PPGIJJGB_02990 1,NP_417088.1 1
2,1,PPGIJJGB_03764 1,NP_418560.1 1
2,1,PPGIJJGB_04462 1,NP_418093.1 1
2,1,PPGIJJGB_02813 1,NP_417386.1 1
2,1,PPGIJJGB_00015 1,NP_415224.1 1
2,1,PPGIJJGB_02233 1,NP_415692.1 1
3,2,PPGIJJGB_01601 0.540 PPGIJJGB_03599 1,NP_416682.4 1
2,1,PPGIJJGB_00469 1,NP_415601.1 1
2,1,PPGIJJGB_03728 1,NP_417228.1 1
2,1,PPGIJJGB_04147 1,NP_418255.1 1
2,1,PPGIJJGB_02372 1,NP_416362.1 1
2,1,PPGIJJGB_04296 1,NP_417761.1 1
2,1,PPGIJJGB_04459 1,NP_415398.1 1
2,1,PPGIJJGB_00901 1,NP_414689.4 1
2,1,PPGIJJGB_04056 1,YP_010051199.1 1
3,2,PPGIJJGB_00158 1,NP_418083.1 1 NP_418084.1 0.154
2,1,PPGIJJGB_02706 1,NP_415374.1 1
8,7,PPGIJJGB_03119 1,NP_418385.1 1 NP_416252.1 0.892 NP_416596.1 0.837 NP_416888.1 0.804 NP_418388.1 0.729 NP_418615.1 0.815 YP_588476.1 0.837
4,3,PPGIJJGB_01192 0.149 PPGIJJGB_04067 0.396 PPGIJJGB_04564 1,NP_416426.1 1
2,1,PPGIJJGB_03337 1,NP_417376.1 1
2,1,PPGIJJGB_00583 1,NP_415472.2 1
2,1,PPGIJJGB_03822 1,NP_415805.1 1
4,4,PPGIJJGB_01510 1 PPGIJJGB_03468 0.515,NP_416051.1 1 NP_417269.1 0.848
3,2,PPGIJJGB_03989 1,NP_416608.1 1 NP_414891.4 0.941
2,1,PPGIJJGB_00644 1,NP_417624.1 1
2,1,PPGIJJGB_01618 1,NP_415591.1 1
2,1,PPGIJJGB_04064 1,YP_025304.1 1
3,2,PPGIJJGB_02812 1,NP_417385.4 1 NP_416421.1 0.829
6,8,PPGIJJGB_01395 1 PPGIJJGB_04083 0.833,NP_415993.1 1 NP_418328.1 0.356 NP_415493.1 0.922 NP_415575.1 0.858
2,1,PPGIJJGB_04062 1,NP_417212.1 1
2,1,PPGIJJGB_04265 1,NP_416419.1 1
2,1,PPGIJJGB_04306 1,NP_417771.1 1
2,1,PPGIJJGB_03692 1,NP_418564.2 1
3,2,PPGIJJGB_00286 1 PPGIJJGB_03245 0.837,NP_414839.1 1
2,1,PPGIJJGB_02744 1,NP_417258.4 1
2,1,PPGIJJGB_03649 1,NP_417233.1 1
2,1,PPGIJJGB_03384 1,NP_417906.1 1
2,1,PPGIJJGB_00744 1,NP_415266.1 1
2,1,PPGIJJGB_02644 1,NP_417094.1 1
2,1,PPGIJJGB_03976 1,NP_414661.2 1
2,1,PPGIJJGB_01920 1,NP_415710.1 1
4,3,PPGIJJGB_03699 1 PPGIJJGB_04179 0.922 PPGIJJGB_04196 0.825,NP_415944.1 1
3,2,PPGIJJGB_02572 0.390 PPGIJJGB_03838 1,NP_416011.1 1
2,1,PPGIJJGB_04061 1,NP_416886.1 1
2,1,PPGIJJGB_01654 1,NP_414795.1 1
2,1,PPGIJJGB_01649 1,NP_418182.1 1
2,1,PPGIJJGB_01238 1,NP_417273.1 1
2,1,PPGIJJGB_00947 1,NP_416972.4 1
3,2,PPGIJJGB_03546 1 PPGIJJGB_02455 0.855,NP_415981.1 1
2,1,PPGIJJGB_02635 1,NP_416646.1 1
2,1,PPGIJJGB_03840 1,NP_418475.1 1
2,1,PPGIJJGB_00705 1,NP_418423.1 1
2,1,PPGIJJGB_01043 1,NP_417813.1 1
2,1,PPGIJJGB_03449 1,NP_417369.1 1
2,1,PPGIJJGB_01472 1,NP_417541.1 1
2,1,PPGIJJGB_02342 1,NP_415607.1 1
2,1,PPGIJJGB_04508 1,NP_416311.1 1
2,1,PPGIJJGB_02419 1,NP_416232.3 1
2,1,PPGIJJGB_02566 1,NP_418813.1 1
2,1,PPGIJJGB_04194 1,NP_418489.1 1
3,2,PPGIJJGB_02920 1,NP_418812.1 1 NP_415276.1 0.854
2,1,PPGIJJGB_01620 1,NP_415593.1 1
2,1,PPGIJJGB_02131 1,NP_415481.1 1
2,1,PPGIJJGB_02432 1,NP_416165.2 1
2,1,PPGIJJGB_04523 1,NP_417073.1 1
2,1,PPGIJJGB_00618 1,NP_416160.1 1
2,1,PPGIJJGB_04125 1,NP_417965.1 1
3,2,PPGIJJGB_02855 1,NP_416296.1 1 NP_418041.1 0.235
2,1,PPGIJJGB_03248 1,YP_026265.1 1
3,2,PPGIJJGB_02301 1,NP_416320.1 1 NP_417963.4 0.142
2,1,PPGIJJGB_02430 1,NP_416739.1 1
2,1,PPGIJJGB_02402 1,NP_416152.1 1
2,1,PPGIJJGB_02508 1,NP_415061.2 1
2,1,PPGIJJGB_00587 1,NP_417496.1 1
2,1,PPGIJJGB_03540 1,NP_416291.4 1
2,1,PPGIJJGB_01684 1,NP_415437.1 1
2,1,PPGIJJGB_01648 1,NP_418183.1 1
3,2,PPGIJJGB_03338 1,NP_415178.1 0.507 NP_415181.1 1
2,1,PPGIJJGB_02863 1,NP_416692.1 1
2,1,PPGIJJGB_02639 1,NP_416828.1 1
3,2,PPGIJJGB_01928 1,NP_415111.1 1 NP_418481.1 1
2,1,PPGIJJGB_03265 1,NP_415789.1 1
2,1,PPGIJJGB_03089 1,NP_417107.2 1
3,2,PPGIJJGB_02232 1 PPGIJJGB_02230 0.914,NP_415764.4 1
2,1,PPGIJJGB_04354 1,NP_418302.1 1
2,1,PPGIJJGB_04166 1,NP_418633.4 1
2,1,PPGIJJGB_02086 1,NP_415115.2 1
2,1,PPGIJJGB_00409 1,NP_417666.1 1
3,2,PPGIJJGB_03008 1 PPGIJJGB_03823 0.055,NP_415629.4 1
5,4,PPGIJJGB_00115 1 PPGIJJGB_01018 0.890 PPGIJJGB_01773 0.936 PPGIJJGB_03706 0.908,NP_416282.4 1
2,1,PPGIJJGB_00502 1,NP_414643.1 1
3,2,PPGIJJGB_03643 1,NP_417289.2 0.092 NP_417310.1 1
2,1,PPGIJJGB_03430 1,NP_415174.1 1
2,1,PPGIJJGB_01367 1,NP_415228.1 1
2,1,PPGIJJGB_04545 1,NP_418280.4 1
2,1,PPGIJJGB_03421 1,NP_415531.2 1
2,1,PPGIJJGB_00113 1,NP_418529.1 1
2,1,PPGIJJGB_04035 1,NP_418342.2 1
2,1,PPGIJJGB_02093 1,NP_416928.4 1
2,1,PPGIJJGB_04239 1,NP_416429.4 1
2,1,PPGIJJGB_04129 1,NP_418779.2 1
2,1,PPGIJJGB_00748 1,NP_415270.1 1
2,1,PPGIJJGB_00905 1,NP_416116.1 1
2,1,PPGIJJGB_00180 1,NP_415897.1 1
2,1,PPGIJJGB_02329 1,NP_415488.1 1
2,1,PPGIJJGB_00508 1,NP_414650.1 1
2,1,PPGIJJGB_04213 1,NP_414754.1 1
2,1,PPGIJJGB_00906 1,NP_416117.1 1
2,1,PPGIJJGB_01036 1,YP_588462.1 1
2,1,PPGIJJGB_00087 1,NP_418089.1 1
2,1,PPGIJJGB_02485 1,NP_416468.1 1
2,1,PPGIJJGB_02014 1,NP_416383.4 1
2,1,PPGIJJGB_01157 1,NP_415015.1 1
2,1,PPGIJJGB_00889 1,YP_009518833.1 1
2,1,PPGIJJGB_02767 1,NP_417005.2 1
11,18,PPGIJJGB_04099 0.081 PPGIJJGB_04104 1,NP_417515.1 0.079 NP_415247.1 1 NP_414680.4 1 NP_415063.4 0.891 NP_416838.1 0.900 NP_417611.1 0.907 NP_418734.1 1 NP_418738.1 0.907 NP_416021.1 0.897
2,1,PPGIJJGB_01049 1,NP_417807.1 1
2,1,PPGIJJGB_03489 1,NP_414956.1 1
2,1,PPGIJJGB_04444 1,NP_418463.4 1
3,2,PPGIJJGB_03587 1,NP_415894.4 1 NP_415140.1 0.141
3,2,PPGIJJGB_01491 0.071 PPGIJJGB_03886 1,NP_417153.1 1
2,1,PPGIJJGB_04594 1,NP_418158.1 1
2,1,PPGIJJGB_04255 1,NP_418399.1 1
2,1,PPGIJJGB_04559 1,NP_415768.1 1
2,1,PPGIJJGB_02949 1,NP_415529.1 1
7,6,PPGIJJGB_04060 1,NP_416058.1 1 NP_417150.4 0.871 NP_417565.2 0.798 NP_418744.1 0.843 YP_026239.1 0.812 YP_026245.1 0.805
2,1,PPGIJJGB_01952 1,NP_417475.1 1
2,1,PPGIJJGB_01353 1,NP_414988.1 1
2,1,PPGIJJGB_04387 1,NP_416517.1 1
3,2,PPGIJJGB_04046 1,NP_417442.1 1 NP_417793.2 1
2,1,PPGIJJGB_02712 1,YP_588464.1 1
2,1,PPGIJJGB_03753 1,NP_417065.1 1
2,1,PPGIJJGB_01580 1,NP_418231.1 1
2,1,PPGIJJGB_02728 1,NP_416389.4 1
3,2,PPGIJJGB_02609 1,YP_588437.1 1 NP_417758.1 1
2,1,PPGIJJGB_00485 1,NP_414625.1 1
2,1,PPGIJJGB_00122 1,NP_418217.1 1
2,1,PPGIJJGB_04071 1,NP_416135.1 1
2,1,PPGIJJGB_03996 1,NP_417167.1 1
2,1,PPGIJJGB_03743 1,NP_414671.1 1
2,1,PPGIJJGB_02144 1,NP_418517.1 1
3,2,PPGIJJGB_02826 0.092 PPGIJJGB_00475 1,NP_416435.1 1
2,1,PPGIJJGB_02447 1,NP_415171.1 1
2,1,PPGIJJGB_03050 1,NP_415943.4 1
2,1,PPGIJJGB_04549 1,NP_415157.1 1
2,1,PPGIJJGB_01047 1,YP_588468.1 1
4,3,PPGIJJGB_02514 1,NP_417535.1 1 NP_415145.1 0.436 NP_415291.1 0.230
2,1,PPGIJJGB_01005 1,NP_417561.1 1
2,1,PPGIJJGB_03173 1,NP_416450.2 1
3,2,PPGIJJGB_02096 1,NP_416212.1 0.445 NP_414583.2 1
4,3,PPGIJJGB_03241 1,NP_417574.1 0.419 NP_417575.1 1 NP_418356.1 0.829
2,1,PPGIJJGB_02918 1,NP_416470.1 1
2,1,PPGIJJGB_02085 1,NP_418710.4 1
2,1,PPGIJJGB_00428 1,NP_417700.2 1
2,1,PPGIJJGB_02216 1,YP_026160.1 1
2,1,PPGIJJGB_00157 1,NP_418072.1 1
2,1,PPGIJJGB_01229 1,NP_417287.1 1
2,1,PPGIJJGB_00284 1,NP_414835.2 1
2,1,PPGIJJGB_00360 1,NP_418341.1 1
2,1,PPGIJJGB_04501 1,NP_415696.1 1
2,1,PPGIJJGB_00542 1,NP_417796.1 1
2,1,PPGIJJGB_00458 1,NP_415590.1 1
2,1,PPGIJJGB_01927 1,NP_414769.1 1
3,2,PPGIJJGB_02121 1 PPGIJJGB_03275 0.928,NP_418638.2 1
2,1,PPGIJJGB_00665 1,NP_417178.1 1
2,1,PPGIJJGB_02651 1,NP_415822.1 1
2,1,PPGIJJGB_01035 1,NP_416761.4 1
4,3,PPGIJJGB_03163 0.060 PPGIJJGB_00445 1 PPGIJJGB_01793 0.920,NP_416459.1 1
2,1,PPGIJJGB_02719 1,NP_415795.1 1
2,1,PPGIJJGB_01934 1,NP_414842.4 1
2,1,PPGIJJGB_02453 1,NP_418532.1 1
2,1,PPGIJJGB_01213 1,NP_414968.4 1
3,2,PPGIJJGB_02952 1 PPGIJJGB_03349 0.885,NP_415284.1 1
2,1,PPGIJJGB_03997 1,NP_414759.1 1
2,1,PPGIJJGB_03526 1,NP_417723.1 1
2,1,PPGIJJGB_02871 1,NP_418213.1 1
3,2,PPGIJJGB_03298 0.300 PPGIJJGB_03888 1,NP_415069.1 1
2,1,PPGIJJGB_00741 1,NP_415263.1 1
2,1,PPGIJJGB_00979 1,NP_418597.1 1
2,1,PPGIJJGB_03707 1,YP_588467.1 1
2,1,PPGIJJGB_02192 1,NP_416548.1 1
2,1,PPGIJJGB_02652 1,NP_415821.1 1
2,1,PPGIJJGB_04183 1,YP_026279.1 1
2,1,PPGIJJGB_04431 1,NP_418363.1 1
2,1,PPGIJJGB_04340 1,NP_418112.1 1
2,1,PPGIJJGB_03667 1,NP_414976.1 1
2,1,PPGIJJGB_03223 1,NP_417932.1 1
2,1,PPGIJJGB_00337 1,NP_416513.1 1
2,1,PPGIJJGB_01408 1,NP_416774.2 1
2,1,PPGIJJGB_02236 1,NP_415697.5 1
2,1,PPGIJJGB_00745 1,NP_415267.1 1
3,2,PPGIJJGB_02174 1,NP_416566.1 1 NP_415503.1 0.641
3,2,PPGIJJGB_01102 1 PPGIJJGB_01117 0.136,NP_417620.1 1
2,1,PPGIJJGB_04245 1,NP_417412.1 1
2,1,PPGIJJGB_04100 1,NP_417614.1 1
2,1,PPGIJJGB_03143 1,NP_416702.1 1
2,1,PPGIJJGB_01430 1,NP_414738.1 1
3,2,PPGIJJGB_01987 1,NP_417208.1 0.287 NP_417464.1 1
2,1,PPGIJJGB_04397 1,NP_416059.1 1
4,3,PPGIJJGB_02177 1 PPGIJJGB_01584 0.860 PPGIJJGB_02180 0.851,NP_418085.2 1
2,1,PPGIJJGB_02819 1,NP_417512.1 1
2,1,PPGIJJGB_03804 1,NP_415144.1 1
2,1,PPGIJJGB_03040 1,NP_414847.3 1
2,1,PPGIJJGB_04049 1,NP_417790.1 1
2,1,PPGIJJGB_00082 1,NP_414672.1 1
2,1,PPGIJJGB_04051 1,NP_417788.1 1
3,2,PPGIJJGB_03176 1 PPGIJJGB_00450 0.103,NP_416447.1 1
2,1,PPGIJJGB_00215 1,NP_418368.1 1
3,2,PPGIJJGB_01193 1 PPGIJJGB_02704 0.993,NP_417899.1 1
2,1,PPGIJJGB_00740 1,YP_588444.1 1
2,1,PPGIJJGB_04357 1,NP_417739.1 1
3,2,PPGIJJGB_03672 1,NP_415878.1 1 NP_418781.1 0.438
2,1,PPGIJJGB_02904 1,NP_414999.1 1
2,1,PPGIJJGB_01309 1,NP_417152.1 1
2,1,PPGIJJGB_02170 1,NP_418613.2 1
2,1,PPGIJJGB_01186 1,NP_415333.1 1
2,1,PPGIJJGB_01162 1,NP_415990.5 1
3,2,PPGIJJGB_04063 1 PPGIJJGB_02598 0.814,NP_416929.4 1
3,2,PPGIJJGB_04282 1 PPGIJJGB_03315 0.946,NP_415731.1 1
2,1,PPGIJJGB_03465 1,NP_417568.2 1
2,1,PPGIJJGB_01291 1,NP_416804.1 1
2,1,PPGIJJGB_02167 1,YP_009518773.1 1
2,1,PPGIJJGB_01402 1,YP_026268.1 1
2,1,PPGIJJGB_04536 1,NP_414731.2 1
2,1,PPGIJJGB_03778 1,NP_415766.1 1
2,1,PPGIJJGB_04391 1,NP_415948.1 1
2,1,PPGIJJGB_00935 1,NP_415362.1 1
2,1,PPGIJJGB_03009 1,NP_416047.4 1
2,1,PPGIJJGB_01032 1,NP_416156.4 1
2,1,PPGIJJGB_01532 1,NP_414755.1 1
2,1,PPGIJJGB_04050 1,NP_417789.4 1
2,1,PPGIJJGB_01244 1,NP_417272.1 1
2,1,PPGIJJGB_01712 1,NP_417867.1 1
3,2,PPGIJJGB_00100 1,NP_416010.1 1 NP_417974.1 0.991
2,1,PPGIJJGB_00934 1,NP_415317.4 1
2,1,PPGIJJGB_01514 1,NP_416256.2 1
2,1,PPGIJJGB_02461 1,NP_415965.1 1
2,1,PPGIJJGB_01499 1,NP_415105.1 1
2,1,PPGIJJGB_00083 1,NP_418079.1 1
2,1,PPGIJJGB_03165 1,NP_416457.4 1
2,1,PPGIJJGB_00659 1,NP_417169.1 1
3,2,PPGIJJGB_04409 0.886,NP_418025.1 0.898 NP_418651.3 0.873
3,2,PPGIJJGB_04261 0.929,NP_416845.2 0.929 NP_418357.1 0.929
2,1,PPGIJJGB_04218 0.950,NP_417715.1 0.950
2,1,PPGIJJGB_04151 0.881,NP_416968.2 0.881
2,1,PPGIJJGB_04087 0.857,NP_414822.1 0.857
2,1,PPGIJJGB_03995 0.869,NP_417168.1 0.869
2,1,PPGIJJGB_03833 0.899,NP_418789.1 0.899
2,1,PPGIJJGB_03758 1,NP_417372.1 1
2,1,PPGIJJGB_03354 0.845,NP_415940.1 0.845
2,1,PPGIJJGB_03246 0.923,NP_415933.1 0.923
2,1,PPGIJJGB_03171 1,NP_416452.1 1
2,1,PPGIJJGB_03045 0.895,NP_418551.1 0.895
2,1,PPGIJJGB_02962 0.823,NP_416711.1 0.823
3,2,PPGIJJGB_02887 0.944,NP_416035.1 0.888 NP_417501.1 1
2,1,PPGIJJGB_02853 0.895,NP_416516.1 0.895
2,1,PPGIJJGB_02607 0.965,NP_415579.1 0.965
2,1,PPGIJJGB_04247 0.917,NP_415258.1 0.917
3,2,PPGIJJGB_02325 0.812 PPGIJJGB_04163 0.824,NP_415565.1 0.818
2,1,PPGIJJGB_03852 0.864,NP_417476.1 0.864
2,1,PPGIJJGB_02197 0.970,NP_416921.4 0.970
3,2,PPGIJJGB_02168 1 PPGIJJGB_04279 0.911,NP_415037.1 0.955
2,1,PPGIJJGB_02161 0.874,NP_418687.1 0.874
4,3,PPGIJJGB_02105 0.949 PPGIJJGB_03606 0.896 PPGIJJGB_04560 0.972,NP_417478.1 0.939
5,4,PPGIJJGB_01978 0.832,NP_415352.1 0.861 NP_416003.1 0.845 NP_417934.1 0.842 NP_418000.1 0.878
2,1,PPGIJJGB_01714 0.888,NP_417869.1 0.888
2,1,PPGIJJGB_01613 0.889,NP_415588.1 0.889
2,1,PPGIJJGB_01577 0.785,NP_418018.1 0.785
3,2,PPGIJJGB_01504 0.907 PPGIJJGB_03194 0.893,NP_416965.1 0.900
3,2,PPGIJJGB_02156 0.973 PPGIJJGB_04378 0.929,NP_414846.1 0.912
2,1,PPGIJJGB_01429 0.934,NP_416306.2 0.934
3,2,PPGIJJGB_01382 0.828 PPGIJJGB_03288 0.828,NP_418184.1 0.828
3,2,PPGIJJGB_01347 0.964 PPGIJJGB_03529 0.919,NP_417032.1 0.957
2,1,PPGIJJGB_01294 0.882,NP_416851.1 0.882
2,1,PPGIJJGB_01290 0.923,NP_415068.1 0.923
2,1,PPGIJJGB_01889 0.917,NP_415708.1 0.917
2,1,PPGIJJGB_01006 0.876,NP_416902.1 0.876
3,2,PPGIJJGB_00951 0.839 PPGIJJGB_01673 0.844,NP_415484.1 0.842
2,1,PPGIJJGB_01205 0.843,NP_416874.1 0.843
3,2,PPGIJJGB_02579 0.928 PPGIJJGB_04379 0.852,NP_415818.1 0.850
2,1,PPGIJJGB_00647 0.821,NP_417540.1 0.821
2,1,PPGIJJGB_00643 0.908,NP_418474.4 0.908
7,6,PPGIJJGB_00624 0.939 PPGIJJGB_00907 0.842 PPGIJJGB_00950 0.962 PPGIJJGB_02164 0.939 PPGIJJGB_02194 0.945 PPGIJJGB_02611 0.969,NP_417072.4 0.940
2,1,PPGIJJGB_00549 0.933,YP_009518752.1 0.933
2,1,PPGIJJGB_00546 0.809,NP_415870.4 0.809
3,2,PPGIJJGB_00527 0.796 PPGIJJGB_02208 0.840,NP_416301.1 0.818
2,1,PPGIJJGB_00402 0.853,NP_417658.4 0.853
2,1,PPGIJJGB_00371 0.940,NP_418447.1 0.940
7,6,PPGIJJGB_03620 1,NP_415509.1 0.974 NP_415510.1 0.974 NP_416070.1 0.974 NP_416075.1 0.974 NP_416076.1 0.974 NP_418012.1 0.974
2,1,PPGIJJGB_00347 0.877,NP_418526.1 0.877
3,2,PPGIJJGB_00341 0.821 PPGIJJGB_01833 0.776,NP_417055.4 0.799
2,1,PPGIJJGB_00308 0.953,NP_417802.1 0.953
3,2,PPGIJJGB_00153 0.905 PPGIJJGB_03560 0.889,NP_418670.1 0.886
3,2,PPGIJJGB_00041 0.827,NP_416740.1 0.838 NP_418087.1 0.816
